open_time,close_time,open,high,low,close,volume
2026-08-20 22:00:00+00:00,2026-08-20 22:59:59.999000+00:00,2.336e-05,2.337e-05,2.314e-05,2.324e-05,1896911322.0
2026-08-20 23:00:00+00:00,2026-08-20 23:59:59.999000+00:00,2.323e-05,2.361e-05,2.321e-05,2.341e-05,1613516869.0
2026-08-21 00:00:00+00:00,2026-08-21 00:59:59.999000+00:00,2.343e-05,2.37e-05,2.335e-05,2.35e-05,2649550927.0
2026-08-21 01:00:00+00:00,2026-08-21 01:59:59.999000+00:00,2.351e-05,2.387e-05,2.337e-05,2.386e-05,4724697020.0
2026-08-21 02:00:00+00:00,2026-08-21 02:59:59.999000+00:00,2.387e-05,2.409e-05,2.367e-05,2.369e-05,4559117866.0
2026-08-21 03:00:00+00:00,2026-08-21 03:59:59.999000+00:00,2.37e-05,2.389e-05,2.361e-05,2.38e-05,2383627172.0
2026-08-21 04:00:00+00:00,2026-08-21 04:59:59.999000+00:00,2.382e-05,2.416e-05,2.38e-05,2.402e-05,3155020185.0
2026-08-21 05:00:00+00:00,2026-08-21 05:59:59.999000+00:00,2.402e-05,2.457e-05,2.386e-05,2.456e-05,7977611148.0
2026-08-21 06:00:00+00:00,2026-08-21 06:59:59.999000+00:00,2.455e-05,2.492e-05,2.448e-05,2.483e-05,8770838021.0
2026-08-21 07:00:00+00:00,2026-08-21 07:59:59.999000+00:00,2.481e-05,2.524e-05,2.475e-05,2.512e-05,12878902215.0
2026-08-21 08:00:00+00:00,2026-08-21 08:59:59.999000+00:00,2.512e-05,2.614e-05,2.509e-05,2.605e-05,11906956415.0
2026-08-21 09:00:00+00:00,2026-08-21 09:59:59.999000+00:00,2.606e-05,2.614e-05,2.496e-05,2.594e-05,16531680557.0
2026-08-21 10:00:00+00:00,2026-08-21 10:59:59.999000+00:00,2.596e-05,2.617e-05,2.581e-05,2.607e-05,10259073126.0
2026-08-21 11:00:00+00:00,2026-08-21 11:59:59.999000+00:00,2.607e-05,2.617e-05,2.545e-05,2.582e-05,10946583761.0
2026-08-21 12:00:00+00:00,2026-08-21 12:59:59.999000+00:00,2.585e-05,2.626e-05,2.565e-05,2.595e-05,8493950885.0
2026-08-21 13:00:00+00:00,2026-08-21 13:59:59.999000+00:00,2.597e-05,2.635e-05,2.553e-05,2.63e-05,13855107139.0
2026-08-21 14:00:00+00:00,2026-08-21 14:59:59.999000+00:00,2.63e-05,2.64e-05,2.588e-05,2.626e-05,6878735987.0
2026-08-21 15:00:00+00:00,2026-08-21 15:59:59.999000+00:00,2.626e-05,2.658e-05,2.589e-05,2.606e-05,9786883924.0
2026-08-21 16:00:00+00:00,2026-08-21 16:59:59.999000+00:00,2.606e-05,2.621e-05,2.567e-05,2.59e-05,7058544174.0
2026-08-21 17:00:00+00:00,2026-08-21 17:59:59.999000+00:00,2.586e-05,2.695e-05,2.585e-05,2.665e-05,16201245860.0
2026-08-21 18:00:00+00:00,2026-08-21 18:59:59.999000+00:00,2.666e-05,2.765e-05,2.636e-05,2.647e-05,28137863061.0
2026-08-21 19:00:00+00:00,2026-08-21 19:59:59.999000+00:00,2.645e-05,2.653e-05,2.613e-05,2.646e-05,7979189202.0
2026-08-21 20:00:00+00:00,2026-08-21 20:59:59.999000+00:00,2.646e-05,2.675e-05,2.634e-05,2.661e-05,4060965417.0
2026-08-21 21:00:00+00:00,2026-08-21 21:59:59.999000+00:00,2.661e-05,2.837e-05,2.639e-05,2.822e-05,28441940027.0
2026-08-21 22:00:00+00:00,2026-08-21 22:59:59.999000+00:00,2.821e-05,3.049e-05,2.81e-05,2.949e-05,65265703124.0
2026-08-21 23:00:00+00:00,2026-08-21 23:59:59.999000+00:00,2.95e-05,2.977e-05,2.888e-05,2.912e-05,17288619700.0
2026-08-22 00:00:00+00:00,2026-08-22 00:59:59.999000+00:00,2.913e-05,3.029e-05,2.882e-05,3e-05,23458564592.0
2026-08-22 01:00:00+00:00,2026-08-22 01:59:59.999000+00:00,3e-05,3.017e-05,2.926e-05,2.944e-05,13503045943.0
2026-08-22 02:00:00+00:00,2026-08-22 02:59:59.999000+00:00,2.944e-05,3.048e-05,2.944e-05,3.04e-05,11128409609.0
2026-08-22 03:00:00+00:00,2026-08-22 03:59:59.999000+00:00,3.042e-05,3.07e-05,2.968e-05,2.97e-05,15119645286.0
2026-08-22 04:00:00+00:00,2026-08-22 04:59:59.999000+00:00,2.968e-05,3.131e-05,2.945e-05,3.065e-05,23271531615.0
2026-08-22 05:00:00+00:00,2026-08-22 05:59:59.999000+00:00,3.064e-05,3.084e-05,2.537e-05,2.836e-05,65741588277.0
2026-08-22 06:00:00+00:00,2026-08-22 06:59:59.999000+00:00,2.837e-05,2.861e-05,2.782e-05,2.842e-05,10600155361.0
2026-08-22 07:00:00+00:00,2026-08-22 07:59:59.999000+00:00,2.841e-05,2.893e-05,2.832e-05,2.845e-05,9313075583.0
2026-08-22 08:00:00+00:00,2026-08-22 08:59:59.999000+00:00,2.843e-05,2.858e-05,2.704e-05,2.716e-05,22834485449.0
2026-08-22 09:00:00+00:00,2026-08-22 09:59:59.999000+00:00,2.716e-05,2.74e-05,2.681e-05,2.707e-05,10342011387.0
2026-08-22 10:00:00+00:00,2026-08-22 10:59:59.999000+00:00,2.708e-05,2.708e-05,2.611e-05,2.682e-05,15906784111.0
2026-08-22 11:00:00+00:00,2026-08-22 11:59:59.999000+00:00,2.68e-05,2.703e-05,2.668e-05,2.698e-05,4208305147.0
2026-08-22 12:00:00+00:00,2026-08-22 12:59:59.999000+00:00,2.697e-05,2.764e-05,2.693e-05,2.722e-05,9857829009.0
2026-08-22 13:00:00+00:00,2026-08-22 13:59:59.999000+00:00,2.724e-05,2.735e-05,2.709e-05,2.727e-05,4211496130.0
2026-08-22 14:00:00+00:00,2026-08-22 14:59:59.999000+00:00,2.727e-05,2.728e-05,2.676e-05,2.686e-05,4859176472.0
2026-08-22 15:00:00+00:00,2026-08-22 15:59:59.999000+00:00,2.687e-05,2.703e-05,2.661e-05,2.679e-05,5366598601.0
2026-08-22 16:00:00+00:00,2026-08-22 16:59:59.999000+00:00,2.679e-05,2.746e-05,2.659e-05,2.729e-05,6780942518.0
2026-08-22 17:00:00+00:00,2026-08-22 17:59:59.999000+00:00,2.731e-05,2.745e-05,2.696e-05,2.731e-05,2879706843.0
2026-08-22 18:00:00+00:00,2026-08-22 18:59:59.999000+00:00,2.731e-05,2.737e-05,2.701e-05,2.709e-05,2390063612.0
2026-08-22 19:00:00+00:00,2026-08-22 19:59:59.999000+00:00,2.708e-05,2.749e-05,2.702e-05,2.736e-05,2770357747.0
2026-08-22 20:00:00+00:00,2026-08-22 20:59:59.999000+00:00,2.734e-05,2.75e-05,2.721e-05,2.734e-05,2153880640.0
2026-08-22 21:00:00+00:00,2026-08-22 21:59:59.999000+00:00,2.734e-05,2.734e-05,2.66e-05,2.667e-05,5215513435.0
2026-08-22 22:00:00+00:00,2026-08-22 22:59:59.999000+00:00,2.669e-05,2.718e-05,2.642e-05,2.702e-05,8265960753.0
2026-08-22 23:00:00+00:00,2026-08-22 23:59:59.999000+00:00,2.704e-05,2.705e-05,2.672e-05,2.694e-05,5137718559.0
2026-08-23 00:00:00+00:00,2026-08-23 00:59:59.999000+00:00,2.692e-05,2.751e-05,2.678e-05,2.741e-05,8677790213.0
2026-08-23 01:00:00+00:00,2026-08-23 01:59:59.999000+00:00,2.74e-05,2.74e-05,2.683e-05,2.691e-05,5514967574.0
2026-08-23 02:00:00+00:00,2026-08-23 02:59:59.999000+00:00,2.69e-05,2.695e-05,2.643e-05,2.647e-05,5350937701.0
2026-08-23 03:00:00+00:00,2026-08-23 03:59:59.999000+00:00,2.649e-05,2.651e-05,2.582e-05,2.597e-05,6734602224.0
2026-08-23 04:00:00+00:00,2026-08-23 04:59:59.999000+00:00,2.595e-05,2.614e-05,2.54e-05,2.563e-05,6293719800.0
2026-08-23 05:00:00+00:00,2026-08-23 05:59:59.999000+00:00,2.563e-05,2.596e-05,2.535e-05,2.559e-05,4331992425.0
2026-08-23 06:00:00+00:00,2026-08-23 06:59:59.999000+00:00,2.558e-05,2.593e-05,2.548e-05,2.581e-05,3161583145.0
2026-08-23 07:00:00+00:00,2026-08-23 07:59:59.999000+00:00,2.581e-05,2.617e-05,2.573e-05,2.601e-05,3406945064.0
2026-08-23 08:00:00+00:00,2026-08-23 08:59:59.999000+00:00,2.6e-05,2.635e-05,2.595e-05,2.635e-05,4089053307.0
2026-08-23 09:00:00+00:00,2026-08-23 09:59:59.999000+00:00,2.634e-05,2.65e-05,2.613e-05,2.638e-05,3265973683.0
2026-08-23 10:00:00+00:00,2026-08-23 10:59:59.999000+00:00,2.636e-05,2.666e-05,2.633e-05,2.648e-05,3302742050.0
2026-08-23 11:00:00+00:00,2026-08-23 11:59:59.999000+00:00,2.65e-05,2.702e-05,2.646e-05,2.697e-05,4829252668.0
2026-08-23 12:00:00+00:00,2026-08-23 12:59:59.999000+00:00,2.697e-05,2.711e-05,2.675e-05,2.696e-05,4274973074.0
2026-08-23 13:00:00+00:00,2026-08-23 13:59:59.999000+00:00,2.697e-05,2.766e-05,2.697e-05,2.746e-05,8104715684.0
2026-08-23 14:00:00+00:00,2026-08-23 14:59:59.999000+00:00,2.745e-05,2.765e-05,2.678e-05,2.743e-05,9700257912.0
2026-08-23 15:00:00+00:00,2026-08-23 15:59:59.999000+00:00,2.744e-05,2.796e-05,2.722e-05,2.751e-05,6328522182.0
2026-08-23 16:00:00+00:00,2026-08-23 16:59:59.999000+00:00,2.751e-05,2.761e-05,2.736e-05,2.748e-05,4315114078.0
2026-08-23 17:00:00+00:00,2026-08-23 17:59:59.999000+00:00,2.749e-05,2.774e-05,2.724e-05,2.73e-05,5436499332.0
2026-08-23 18:00:00+00:00,2026-08-23 18:59:59.999000+00:00,2.731e-05,2.753e-05,2.726e-05,2.734e-05,3771162026.0
2026-08-23 19:00:00+00:00,2026-08-23 19:59:59.999000+00:00,2.733e-05,2.74e-05,2.714e-05,2.722e-05,2030758695.0
2026-08-23 20:00:00+00:00,2026-08-23 20:59:59.999000+00:00,2.722e-05,2.729e-05,2.705e-05,2.727e-05,2368163276.0
2026-08-23 21:00:00+00:00,2026-08-23 21:59:59.999000+00:00,2.726e-05,2.86e-05,2.725e-05,2.808e-05,13984883628.0
2026-08-23 22:00:00+00:00,2026-08-23 22:59:59.999000+00:00,2.808e-05,2.824e-05,2.774e-05,2.779e-05,4220528918.0
2026-08-23 23:00:00+00:00,2026-08-23 23:59:59.999000+00:00,2.779e-05,2.797e-05,2.747e-05,2.767e-05,4021822132.0
2026-08-24 00:00:00+00:00,2026-08-24 00:59:59.999000+00:00,2.766e-05,2.771e-05,2.706e-05,2.74e-05,6488981951.0
2026-08-24 01:00:00+00:00,2026-08-24 01:59:59.999000+00:00,2.739e-05,2.739e-05,2.65e-05,2.654e-05,8640129559.0
2026-08-24 02:00:00+00:00,2026-08-24 02:59:59.999000+00:00,2.654e-05,2.716e-05,2.649e-05,2.7e-05,5776084344.0
2026-08-24 03:00:00+00:00,2026-08-24 03:59:59.999000+00:00,2.699e-05,2.706e-05,2.654e-05,2.654e-05,2772835633.0
2026-08-24 04:00:00+00:00,2026-08-24 04:59:59.999000+00:00,2.656e-05,2.714e-05,2.656e-05,2.694e-05,4210685478.0
2026-08-24 05:00:00+00:00,2026-08-24 05:59:59.999000+00:00,2.693e-05,2.723e-05,2.67e-05,2.688e-05,2423262149.0
2026-08-24 06:00:00+00:00,2026-08-24 06:59:59.999000+00:00,2.687e-05,2.701e-05,2.672e-05,2.694e-05,3848652537.0
2026-08-24 07:00:00+00:00,2026-08-24 07:59:59.999000+00:00,2.695e-05,2.756e-05,2.689e-05,2.722e-05,7239654684.0
2026-08-24 08:00:00+00:00,2026-08-24 08:59:59.999000+00:00,2.722e-05,2.724e-05,2.674e-05,2.695e-05,3312237723.0
2026-08-24 09:00:00+00:00,2026-08-24 09:59:59.999000+00:00,2.695e-05,2.739e-05,2.693e-05,2.729e-05,4901090444.0
2026-08-24 10:00:00+00:00,2026-08-24 10:59:59.999000+00:00,2.728e-05,2.752e-05,2.712e-05,2.716e-05,4760020384.0
2026-08-24 11:00:00+00:00,2026-08-24 11:59:59.999000+00:00,2.718e-05,2.786e-05,2.7e-05,2.774e-05,6547319409.0
2026-08-24 12:00:00+00:00,2026-08-24 12:59:59.999000+00:00,2.774e-05,2.782e-05,2.721e-05,2.772e-05,5459113599.0
2026-08-24 13:00:00+00:00,2026-08-24 13:59:59.999000+00:00,2.774e-05,2.789e-05,2.668e-05,2.706e-05,21421622179.0
2026-08-24 14:00:00+00:00,2026-08-24 14:59:59.999000+00:00,2.705e-05,2.789e-05,2.703e-05,2.758e-05,21735963883.0
2026-08-24 15:00:00+00:00,2026-08-24 15:59:59.999000+00:00,2.758e-05,2.817e-05,2.731e-05,2.741e-05,13910495220.0
2026-08-24 16:00:00+00:00,2026-08-24 16:59:59.999000+00:00,2.742e-05,2.773e-05,2.715e-05,2.72e-05,8961468134.0
2026-08-24 17:00:00+00:00,2026-08-24 17:59:59.999000+00:00,2.722e-05,2.724e-05,2.666e-05,2.698e-05,9113991823.0
2026-08-24 18:00:00+00:00,2026-08-24 18:59:59.999000+00:00,2.698e-05,2.73e-05,2.681e-05,2.687e-05,5804681499.0
2026-08-24 19:00:00+00:00,2026-08-24 19:59:59.999000+00:00,2.688e-05,2.704e-05,2.672e-05,2.679e-05,3693615606.0
2026-08-24 20:00:00+00:00,2026-08-24 20:59:59.999000+00:00,2.679e-05,2.704e-05,2.668e-05,2.704e-05,2514917390.0
2026-08-24 21:00:00+00:00,2026-08-24 21:59:59.999000+00:00,2.705e-05,2.719e-05,2.7e-05,2.706e-05,1139495480.0
2026-08-24 22:00:00+00:00,2026-08-24 22:59:59.999000+00:00,2.703e-05,2.707e-05,2.672e-05,2.675e-05,2517442740.0
2026-08-24 23:00:00+00:00,2026-08-24 23:59:59.999000+00:00,2.674e-05,2.693e-05,2.657e-05,2.692e-05,2495258785.0
2026-08-25 00:00:00+00:00,2026-08-25 00:59:59.999000+00:00,2.691e-05,2.741e-05,2.673e-05,2.736e-05,3852987536.0
2026-08-25 01:00:00+00:00,2026-08-25 01:59:59.999000+00:00,2.736e-05,2.746e-05,2.709e-05,2.72e-05,1223469390.0
2026-08-25 02:00:00+00:00,2026-08-25 02:59:59.999000+00:00,2.72e-05,2.792e-05,2.712e-05,2.759e-05,5392041936.0
2026-08-25 03:00:00+00:00,2026-08-25 03:59:59.999000+00:00,2.758e-05,2.825e-05,2.752e-05,2.766e-05,10609657316.0
2026-08-25 04:00:00+00:00,2026-08-25 04:59:59.999000+00:00,2.766e-05,2.79e-05,2.758e-05,2.775e-05,6855201121.0
2026-08-25 05:00:00+00:00,2026-08-25 05:59:59.999000+00:00,2.774e-05,2.844e-05,2.77e-05,2.787e-05,9555114530.0
2026-08-25 06:00:00+00:00,2026-08-25 06:59:59.999000+00:00,2.788e-05,2.794e-05,2.734e-05,2.743e-05,3305727471.0
2026-08-25 07:00:00+00:00,2026-08-25 07:59:59.999000+00:00,2.743e-05,2.763e-05,2.672e-05,2.702e-05,5412401054.0
2026-08-25 08:00:00+00:00,2026-08-25 08:59:59.999000+00:00,2.703e-05,2.733e-05,2.7e-05,2.706e-05,5187766084.0
2026-08-25 09:00:00+00:00,2026-08-25 09:59:59.999000+00:00,2.706e-05,2.714e-05,2.675e-05,2.696e-05,4804732334.0
2026-08-25 10:00:00+00:00,2026-08-25 10:59:59.999000+00:00,2.694e-05,2.712e-05,2.685e-05,2.701e-05,1885517202.0
2026-08-25 11:00:00+00:00,2026-08-25 11:59:59.999000+00:00,2.7e-05,2.703e-05,2.68e-05,2.69e-05,3619993213.0
2026-08-25 12:00:00+00:00,2026-08-25 12:59:59.999000+00:00,2.691e-05,2.692e-05,2.645e-05,2.676e-05,12670974143.0
2026-08-25 13:00:00+00:00,2026-08-25 13:59:59.999000+00:00,2.675e-05,2.685e-05,2.609e-05,2.642e-05,11416999136.0
2026-08-25 14:00:00+00:00,2026-08-25 14:59:59.999000+00:00,2.643e-05,2.688e-05,2.634e-05,2.67e-05,4115686658.0
2026-08-25 15:00:00+00:00,2026-08-25 15:59:59.999000+00:00,2.671e-05,2.676e-05,2.655e-05,2.674e-05,2385170298.0
2026-08-25 16:00:00+00:00,2026-08-25 16:59:59.999000+00:00,2.672e-05,2.713e-05,2.669e-05,2.696e-05,4344758111.0
2026-08-25 17:00:00+00:00,2026-08-25 17:59:59.999000+00:00,2.693e-05,2.711e-05,2.671e-05,2.693e-05,3491262276.0
2026-08-25 18:00:00+00:00,2026-08-25 18:59:59.999000+00:00,2.694e-05,2.728e-05,2.691e-05,2.699e-05,3555005341.0
2026-08-25 19:00:00+00:00,2026-08-25 19:59:59.999000+00:00,2.701e-05,2.708e-05,2.654e-05,2.657e-05,3909441604.0
2026-08-25 20:00:00+00:00,2026-08-25 20:59:59.999000+00:00,2.657e-05,2.659e-05,2.61e-05,2.611e-05,4920944270.0
2026-08-25 21:00:00+00:00,2026-08-25 21:59:59.999000+00:00,2.614e-05,2.629e-05,2.578e-05,2.62e-05,4414053665.0
2026-08-25 22:00:00+00:00,2026-08-25 22:59:59.999000+00:00,2.621e-05,2.652e-05,2.621e-05,2.645e-05,1422157872.0
2026-08-25 23:00:00+00:00,2026-08-25 23:59:59.999000+00:00,2.645e-05,2.658e-05,2.617e-05,2.622e-05,1859520622.0
2026-08-26 00:00:00+00:00,2026-08-26 00:59:59.999000+00:00,2.623e-05,2.647e-05,2.607e-05,2.64e-05,6181823894.0
2026-08-26 01:00:00+00:00,2026-08-26 01:59:59.999000+00:00,2.639e-05,2.658e-05,2.619e-05,2.641e-05,4293233891.0
2026-08-26 02:00:00+00:00,2026-08-26 02:59:59.999000+00:00,2.641e-05,2.677e-05,2.633e-05,2.668e-05,1505289777.0
2026-08-26 03:00:00+00:00,2026-08-26 03:59:59.999000+00:00,2.668e-05,2.674e-05,2.637e-05,2.643e-05,1405293115.0
2026-08-26 04:00:00+00:00,2026-08-26 04:59:59.999000+00:00,2.643e-05,2.653e-05,2.621e-05,2.624e-05,1976949038.0
2026-08-26 05:00:00+00:00,2026-08-26 05:59:59.999000+00:00,2.624e-05,2.646e-05,2.609e-05,2.646e-05,1718994379.0
2026-08-26 06:00:00+00:00,2026-08-26 06:59:59.999000+00:00,2.647e-05,2.649e-05,2.619e-05,2.628e-05,911209759.0
2026-08-26 07:00:00+00:00,2026-08-26 07:59:59.999000+00:00,2.629e-05,2.647e-05,2.623e-05,2.634e-05,4752700246.0
2026-08-26 08:00:00+00:00,2026-08-26 08:59:59.999000+00:00,2.634e-05,2.64e-05,2.613e-05,2.616e-05,8746164425.0
2026-08-26 09:00:00+00:00,2026-08-26 09:59:59.999000+00:00,2.616e-05,2.622e-05,2.584e-05,2.586e-05,5574920550.0
2026-08-26 10:00:00+00:00,2026-08-26 10:59:59.999000+00:00,2.586e-05,2.63e-05,2.578e-05,2.62e-05,3506806766.0
2026-08-26 11:00:00+00:00,2026-08-26 11:59:59.999000+00:00,2.62e-05,2.622e-05,2.595e-05,2.596e-05,2719461391.0
2026-08-26 12:00:00+00:00,2026-08-26 12:59:59.999000+00:00,2.599e-05,2.612e-05,2.576e-05,2.587e-05,4700511387.0
2026-08-26 13:00:00+00:00,2026-08-26 13:59:59.999000+00:00,2.586e-05,2.593e-05,2.555e-05,2.569e-05,6737315310.0
2026-08-26 14:00:00+00:00,2026-08-26 14:59:59.999000+00:00,2.568e-05,2.574e-05,2.515e-05,2.524e-05,4623104276.0
2026-08-26 15:00:00+00:00,2026-08-26 15:59:59.999000+00:00,2.523e-05,2.539e-05,2.508e-05,2.524e-05,3362399889.0
2026-08-26 16:00:00+00:00,2026-08-26 16:59:59.999000+00:00,2.525e-05,2.535e-05,2.51e-05,2.518e-05,2216856505.0
2026-08-26 17:00:00+00:00,2026-08-26 17:59:59.999000+00:00,2.52e-05,2.571e-05,2.52e-05,2.557e-05,2501220272.0
2026-08-26 18:00:00+00:00,2026-08-26 18:59:59.999000+00:00,2.56e-05,2.579e-05,2.547e-05,2.567e-05,2028700278.0
2026-08-26 19:00:00+00:00,2026-08-26 19:59:59.999000+00:00,2.564e-05,2.582e-05,2.559e-05,2.566e-05,1009889220.0
2026-08-26 20:00:00+00:00,2026-08-26 20:59:59.999000+00:00,2.565e-05,2.668e-05,2.563e-05,2.656e-05,12318776072.0
2026-08-26 21:00:00+00:00,2026-08-26 21:59:59.999000+00:00,2.659e-05,2.699e-05,2.648e-05,2.692e-05,6233365578.0
2026-08-26 22:00:00+00:00,2026-08-26 22:59:59.999000+00:00,2.692e-05,2.709e-05,2.668e-05,2.677e-05,6878275460.0
2026-08-26 23:00:00+00:00,2026-08-26 23:59:59.999000+00:00,2.673e-05,2.708e-05,2.669e-05,2.702e-05,3249523342.0
2026-08-27 00:00:00+00:00,2026-08-27 00:59:59.999000+00:00,2.703e-05,2.703e-05,2.666e-05,2.666e-05,1444887874.0
2026-08-27 01:00:00+00:00,2026-08-27 01:59:59.999000+00:00,2.666e-05,2.695e-05,2.648e-05,2.685e-05,3437592948.0
2026-08-27 02:00:00+00:00,2026-08-27 02:59:59.999000+00:00,2.684e-05,2.689e-05,2.659e-05,2.661e-05,806385434.0
2026-08-27 03:00:00+00:00,2026-08-27 03:59:59.999000+00:00,2.658e-05,2.664e-05,2.642e-05,2.649e-05,1930080687.0
2026-08-27 04:00:00+00:00,2026-08-27 04:59:59.999000+00:00,2.649e-05,2.653e-05,2.629e-05,2.63e-05,1715551647.0
2026-08-27 05:00:00+00:00,2026-08-27 05:59:59.999000+00:00,2.633e-05,2.65e-05,2.62e-05,2.641e-05,1429946858.0
2026-08-27 06:00:00+00:00,2026-08-27 06:59:59.999000+00:00,2.641e-05,2.641e-05,2.622e-05,2.634e-05,788155233.0
2026-08-27 07:00:00+00:00,2026-08-27 07:59:59.999000+00:00,2.634e-05,2.659e-05,2.63e-05,2.644e-05,3082624634.0
2026-08-27 08:00:00+00:00,2026-08-27 08:59:59.999000+00:00,2.645e-05,2.721e-05,2.644e-05,2.703e-05,7499144640.0
2026-08-27 09:00:00+00:00,2026-08-27 09:59:59.999000+00:00,2.7e-05,2.702e-05,2.665e-05,2.671e-05,5496650330.0
2026-08-27 10:00:00+00:00,2026-08-27 10:59:59.999000+00:00,2.671e-05,2.684e-05,2.635e-05,2.656e-05,3545766678.0
2026-08-27 11:00:00+00:00,2026-08-27 11:59:59.999000+00:00,2.656e-05,2.668e-05,2.632e-05,2.648e-05,1439506948.0
2026-08-27 12:00:00+00:00,2026-08-27 12:59:59.999000+00:00,2.647e-05,2.672e-05,2.645e-05,2.658e-05,4987861416.0
2026-08-27 13:00:00+00:00,2026-08-27 13:59:59.999000+00:00,2.661e-05,2.675e-05,2.638e-05,2.674e-05,4406286017.0
2026-08-27 14:00:00+00:00,2026-08-27 14:59:59.999000+00:00,2.672e-05,2.73e-05,2.665e-05,2.697e-05,17648476895.0
2026-08-27 15:00:00+00:00,2026-08-27 15:59:59.999000+00:00,2.698e-05,2.72e-05,2.689e-05,2.698e-05,3899826967.0
2026-08-27 16:00:00+00:00,2026-08-27 16:59:59.999000+00:00,2.699e-05,2.739e-05,2.687e-05,2.713e-05,6006635006.0
2026-08-27 17:00:00+00:00,2026-08-27 17:59:59.999000+00:00,2.713e-05,2.727e-05,2.695e-05,2.698e-05,2852225945.0
2026-08-27 18:00:00+00:00,2026-08-27 18:59:59.999000+00:00,2.698e-05,2.7e-05,2.655e-05,2.676e-05,7348512798.0
2026-08-27 19:00:00+00:00,2026-08-27 19:59:59.999000+00:00,2.677e-05,2.694e-05,2.671e-05,2.679e-05,2151035881.0
2026-08-27 20:00:00+00:00,2026-08-27 20:59:59.999000+00:00,2.68e-05,2.685e-05,2.663e-05,2.683e-05,1577344941.0
2026-08-27 21:00:00+00:00,2026-08-27 21:59:59.999000+00:00,2.683e-05,2.684e-05,2.657e-05,2.671e-05,4520044775.0
2026-08-27 22:00:00+00:00,2026-08-27 22:59:59.999000+00:00,2.671e-05,2.688e-05,2.671e-05,2.678e-05,954988107.0
2026-08-27 23:00:00+00:00,2026-08-27 23:59:59.999000+00:00,2.678e-05,2.68e-05,2.67e-05,2.672e-05,567242626.0
2026-08-28 00:00:00+00:00,2026-08-28 00:59:59.999000+00:00,2.672e-05,2.687e-05,2.658e-05,2.678e-05,2397806339.0
2026-08-28 01:00:00+00:00,2026-08-28 01:59:59.999000+00:00,2.678e-05,2.717e-05,2.667e-05,2.67e-05,2804561945.0
2026-08-28 02:00:00+00:00,2026-08-28 02:59:59.999000+00:00,2.669e-05,2.671e-05,2.618e-05,2.627e-05,3632249596.0
2026-08-28 03:00:00+00:00,2026-08-28 03:59:59.999000+00:00,2.626e-05,2.638e-05,2.617e-05,2.629e-05,1156172360.0
2026-08-28 04:00:00+00:00,2026-08-28 04:59:59.999000+00:00,2.63e-05,2.643e-05,2.611e-05,2.625e-05,2405085425.0
2026-08-28 05:00:00+00:00,2026-08-28 05:59:59.999000+00:00,2.624e-05,2.64e-05,2.615e-05,2.631e-05,677136430.0
2026-08-28 06:00:00+00:00,2026-08-28 06:59:59.999000+00:00,2.634e-05,2.649e-05,2.634e-05,2.644e-05,791261428.0
2026-08-28 07:00:00+00:00,2026-08-28 07:59:59.999000+00:00,2.641e-05,2.643e-05,2.623e-05,2.625e-05,1109387865.0
2026-08-28 08:00:00+00:00,2026-08-28 08:59:59.999000+00:00,2.629e-05,2.636e-05,2.621e-05,2.623e-05,669589674.0
2026-08-28 09:00:00+00:00,2026-08-28 09:59:59.999000+00:00,2.625e-05,2.632e-05,2.605e-05,2.605e-05,2400550390.0
2026-08-28 10:00:00+00:00,2026-08-28 10:59:59.999000+00:00,2.605e-05,2.63e-05,2.594e-05,2.629e-05,1617698251.0
2026-08-28 11:00:00+00:00,2026-08-28 11:59:59.999000+00:00,2.628e-05,2.638e-05,2.626e-05,2.629e-05,929464812.0
2026-08-28 12:00:00+00:00,2026-08-28 12:59:59.999000+00:00,2.63e-05,2.633e-05,2.613e-05,2.617e-05,1352132845.0
2026-08-28 13:00:00+00:00,2026-08-28 13:59:59.999000+00:00,2.617e-05,2.623e-05,2.605e-05,2.611e-05,2373410758.0
2026-08-28 14:00:00+00:00,2026-08-28 14:59:59.999000+00:00,2.61e-05,2.64e-05,2.561e-05,2.628e-05,5833727199.0
2026-08-28 15:00:00+00:00,2026-08-28 15:59:59.999000+00:00,2.628e-05,2.636e-05,2.567e-05,2.567e-05,2141700564.0
2026-08-28 16:00:00+00:00,2026-08-28 16:59:59.999000+00:00,2.567e-05,2.57e-05,2.49e-05,2.557e-05,12771175844.0
2026-08-28 17:00:00+00:00,2026-08-28 17:59:59.999000+00:00,2.557e-05,2.582e-05,2.529e-05,2.565e-05,15161794517.0
2026-08-28 18:00:00+00:00,2026-08-28 18:59:59.999000+00:00,2.565e-05,2.565e-05,2.516e-05,2.528e-05,7259520873.0
2026-08-28 19:00:00+00:00,2026-08-28 19:59:59.999000+00:00,2.529e-05,2.542e-05,2.529e-05,2.539e-05,1436756693.0
2026-08-28 20:00:00+00:00,2026-08-28 20:59:59.999000+00:00,2.539e-05,2.546e-05,2.53e-05,2.54e-05,1393686109.0
2026-08-28 21:00:00+00:00,2026-08-28 21:59:59.999000+00:00,2.542e-05,2.548e-05,2.515e-05,2.519e-05,810843430.0
2026-08-28 22:00:00+00:00,2026-08-28 22:59:59.999000+00:00,2.519e-05,2.542e-05,2.518e-05,2.542e-05,623396651.0
2026-08-28 23:00:00+00:00,2026-08-28 23:59:59.999000+00:00,2.54e-05,2.549e-05,2.538e-05,2.544e-05,478368534.0
2026-08-29 00:00:00+00:00,2026-08-29 00:59:59.999000+00:00,2.544e-05,2.555e-05,2.543e-05,2.549e-05,729266908.0
2026-08-29 01:00:00+00:00,2026-08-29 01:59:59.999000+00:00,2.548e-05,2.553e-05,2.54e-05,2.547e-05,477447005.0
2026-08-29 02:00:00+00:00,2026-08-29 02:59:59.999000+00:00,2.547e-05,2.551e-05,2.528e-05,2.545e-05,827153884.0
2026-08-29 03:00:00+00:00,2026-08-29 03:59:59.999000+00:00,2.547e-05,2.549e-05,2.533e-05,2.533e-05,724016422.0
2026-08-29 04:00:00+00:00,2026-08-29 04:59:59.999000+00:00,2.534e-05,2.551e-05,2.533e-05,2.549e-05,240344381.0
2026-08-29 05:00:00+00:00,2026-08-29 05:59:59.999000+00:00,2.548e-05,2.561e-05,2.545e-05,2.553e-05,806251422.0
2026-08-29 06:00:00+00:00,2026-08-29 06:59:59.999000+00:00,2.557e-05,2.557e-05,2.528e-05,2.534e-05,448888352.0
2026-08-29 07:00:00+00:00,2026-08-29 07:59:59.999000+00:00,2.534e-05,2.539e-05,2.526e-05,2.528e-05,596622490.0
2026-08-29 08:00:00+00:00,2026-08-29 08:59:59.999000+00:00,2.528e-05,2.533e-05,2.513e-05,2.517e-05,894186642.0
2026-08-29 09:00:00+00:00,2026-08-29 09:59:59.999000+00:00,2.518e-05,2.528e-05,2.515e-05,2.522e-05,643544872.0
2026-08-29 10:00:00+00:00,2026-08-29 10:59:59.999000+00:00,2.521e-05,2.53e-05,2.515e-05,2.52e-05,630164772.0
2026-08-29 11:00:00+00:00,2026-08-29 11:59:59.999000+00:00,2.52e-05,2.524e-05,2.511e-05,2.517e-05,734937621.0
2026-08-29 12:00:00+00:00,2026-08-29 12:59:59.999000+00:00,2.516e-05,2.535e-05,2.516e-05,2.528e-05,343968042.0
2026-08-29 13:00:00+00:00,2026-08-29 13:59:59.999000+00:00,2.528e-05,2.536e-05,2.525e-05,2.534e-05,407039200.0
2026-08-29 14:00:00+00:00,2026-08-29 14:59:59.999000+00:00,2.533e-05,2.564e-05,2.533e-05,2.562e-05,1669615390.0
2026-08-29 15:00:00+00:00,2026-08-29 15:59:59.999000+00:00,2.561e-05,2.562e-05,2.55e-05,2.554e-05,1370178925.0
2026-08-29 16:00:00+00:00,2026-08-29 16:59:59.999000+00:00,2.554e-05,2.56e-05,2.54e-05,2.547e-05,1169014682.0
2026-08-29 17:00:00+00:00,2026-08-29 17:59:59.999000+00:00,2.546e-05,2.549e-05,2.529e-05,2.53e-05,1412120649.0
2026-08-29 18:00:00+00:00,2026-08-29 18:59:59.999000+00:00,2.533e-05,2.552e-05,2.531e-05,2.547e-05,997027947.0
2026-08-29 19:00:00+00:00,2026-08-29 19:59:59.999000+00:00,2.545e-05,2.554e-05,2.543e-05,2.547e-05,227295348.0
2026-08-29 20:00:00+00:00,2026-08-29 20:59:59.999000+00:00,2.549e-05,2.554e-05,2.535e-05,2.535e-05,794714575.0
2026-08-29 21:00:00+00:00,2026-08-29 21:59:59.999000+00:00,2.536e-05,2.542e-05,2.533e-05,2.538e-05,457680770.0
2026-08-29 22:00:00+00:00,2026-08-29 22:59:59.999000+00:00,2.537e-05,2.542e-05,2.534e-05,2.542e-05,316141277.0
2026-08-29 23:00:00+00:00,2026-08-29 23:59:59.999000+00:00,2.542e-05,2.546e-05,2.541e-05,2.542e-05,566054762.0
2026-08-30 00:00:00+00:00,2026-08-30 00:59:59.999000+00:00,2.544e-05,2.546e-05,2.529e-05,2.53e-05,452238563.0
2026-08-30 01:00:00+00:00,2026-08-30 01:59:59.999000+00:00,2.529e-05,2.531e-05,2.517e-05,2.52e-05,442640357.0
2026-08-30 02:00:00+00:00,2026-08-30 02:59:59.999000+00:00,2.521e-05,2.531e-05,2.521e-05,2.526e-05,358907178.0
2026-08-30 03:00:00+00:00,2026-08-30 03:59:59.999000+00:00,2.526e-05,2.532e-05,2.521e-05,2.523e-05,376780414.0
2026-08-30 04:00:00+00:00,2026-08-30 04:59:59.999000+00:00,2.524e-05,2.527e-05,2.508e-05,2.514e-05,1079636912.0
2026-08-30 05:00:00+00:00,2026-08-30 05:59:59.999000+00:00,2.517e-05,2.53e-05,2.517e-05,2.523e-05,568605294.0
2026-08-30 06:00:00+00:00,2026-08-30 06:59:59.999000+00:00,2.524e-05,2.527e-05,2.515e-05,2.526e-05,1125153059.0
2026-08-30 07:00:00+00:00,2026-08-30 07:59:59.999000+00:00,2.526e-05,2.526e-05,2.51e-05,2.513e-05,702281863.0
2026-08-30 08:00:00+00:00,2026-08-30 08:59:59.999000+00:00,2.512e-05,2.517e-05,2.506e-05,2.512e-05,1181668851.0
2026-08-30 09:00:00+00:00,2026-08-30 09:59:59.999000+00:00,2.512e-05,2.517e-05,2.503e-05,2.509e-05,931528993.0
2026-08-30 10:00:00+00:00,2026-08-30 10:59:59.999000+00:00,2.509e-05,2.518e-05,2.505e-05,2.518e-05,458515167.0
2026-08-30 11:00:00+00:00,2026-08-30 11:59:59.999000+00:00,2.519e-05,2.523e-05,2.513e-05,2.523e-05,439419682.0
2026-08-30 12:00:00+00:00,2026-08-30 12:59:59.999000+00:00,2.523e-05,2.543e-05,2.521e-05,2.542e-05,1609825303.0
2026-08-30 13:00:00+00:00,2026-08-30 13:59:59.999000+00:00,2.542e-05,2.561e-05,2.532e-05,2.558e-05,1107615698.0
2026-08-30 14:00:00+00:00,2026-08-30 14:59:59.999000+00:00,2.558e-05,2.568e-05,2.543e-05,2.547e-05,3739330071.0
2026-08-30 15:00:00+00:00,2026-08-30 15:59:59.999000+00:00,2.548e-05,2.548e-05,2.53e-05,2.534e-05,736388963.0
2026-08-30 16:00:00+00:00,2026-08-30 16:59:59.999000+00:00,2.535e-05,2.577e-05,2.531e-05,2.575e-05,2653875235.0
2026-08-30 17:00:00+00:00,2026-08-30 17:59:59.999000+00:00,2.576e-05,2.578e-05,2.544e-05,2.558e-05,1615023776.0
2026-08-30 18:00:00+00:00,2026-08-30 18:59:59.999000+00:00,2.557e-05,2.569e-05,2.534e-05,2.555e-05,4650602029.0
2026-08-30 19:00:00+00:00,2026-08-30 19:59:59.999000+00:00,2.552e-05,2.556e-05,2.525e-05,2.533e-05,1268377767.0
2026-08-30 20:00:00+00:00,2026-08-30 20:59:59.999000+00:00,2.536e-05,2.539e-05,2.507e-05,2.517e-05,2436568978.0
2026-08-30 21:00:00+00:00,2026-08-30 21:59:59.999000+00:00,2.518e-05,2.518e-05,2.487e-05,2.505e-05,5406648544.0
2026-08-30 22:00:00+00:00,2026-08-30 22:59:59.999000+00:00,2.507e-05,2.519e-05,2.47e-05,2.478e-05,3265215474.0
2026-08-30 23:00:00+00:00,2026-08-30 23:59:59.999000+00:00,2.473e-05,2.477e-05,2.354e-05,2.391e-05,13368012388.0
2026-08-31 00:00:00+00:00,2026-08-31 00:59:59.999000+00:00,2.387e-05,2.426e-05,2.383e-05,2.409e-05,2560741826.0
2026-08-31 01:00:00+00:00,2026-08-31 01:59:59.999000+00:00,2.408e-05,2.414e-05,2.386e-05,2.39e-05,1586288720.0
2026-08-31 02:00:00+00:00,2026-08-31 02:59:59.999000+00:00,2.389e-05,2.409e-05,2.379e-05,2.387e-05,691979431.0
2026-08-31 03:00:00+00:00,2026-08-31 03:59:59.999000+00:00,2.385e-05,2.409e-05,2.383e-05,2.404e-05,456469664.0
2026-08-31 04:00:00+00:00,2026-08-31 04:59:59.999000+00:00,2.403e-05,2.407e-05,2.389e-05,2.394e-05,1372948163.0
2026-08-31 05:00:00+00:00,2026-08-31 05:59:59.999000+00:00,2.393e-05,2.426e-05,2.393e-05,2.423e-05,1173952314.0
2026-08-31 06:00:00+00:00,2026-08-31 06:59:59.999000+00:00,2.424e-05,2.432e-05,2.417e-05,2.418e-05,1560438181.0
2026-08-31 07:00:00+00:00,2026-08-31 07:59:59.999000+00:00,2.418e-05,2.435e-05,2.418e-05,2.424e-05,1547481044.0
2026-08-31 08:00:00+00:00,2026-08-31 08:59:59.999000+00:00,2.424e-05,2.438e-05,2.416e-05,2.431e-05,1088222966.0
2026-08-31 09:00:00+00:00,2026-08-31 09:59:59.999000+00:00,2.431e-05,2.446e-05,2.428e-05,2.436e-05,1737193782.0
2026-08-31 10:00:00+00:00,2026-08-31 10:59:59.999000+00:00,2.437e-05,2.451e-05,2.424e-05,2.441e-05,1183346154.0
2026-08-31 11:00:00+00:00,2026-08-31 11:59:59.999000+00:00,2.441e-05,2.443e-05,2.416e-05,2.423e-05,1321993990.0
2026-08-31 12:00:00+00:00,2026-08-31 12:59:59.999000+00:00,2.424e-05,2.436e-05,2.405e-05,2.409e-05,1878742013.0
2026-08-31 13:00:00+00:00,2026-08-31 13:59:59.999000+00:00,2.411e-05,2.428e-05,2.398e-05,2.402e-05,1389660432.0
2026-08-31 14:00:00+00:00,2026-08-31 14:59:59.999000+00:00,2.403e-05,2.439e-05,2.398e-05,2.437e-05,2006057633.0
2026-08-31 15:00:00+00:00,2026-08-31 15:59:59.999000+00:00,2.435e-05,2.437e-05,2.41e-05,2.413e-05,862674703.0
2026-08-31 16:00:00+00:00,2026-08-31 16:59:59.999000+00:00,2.413e-05,2.429e-05,2.403e-05,2.421e-05,1144894647.0
2026-08-31 17:00:00+00:00,2026-08-31 17:59:59.999000+00:00,2.421e-05,2.436e-05,2.413e-05,2.432e-05,1457044473.0
2026-08-31 18:00:00+00:00,2026-08-31 18:59:59.999000+00:00,2.434e-05,2.449e-05,2.428e-05,2.439e-05,1338442644.0
2026-08-31 19:00:00+00:00,2026-08-31 19:59:59.999000+00:00,2.438e-05,2.445e-05,2.42e-05,2.423e-05,1286296093.0
2026-08-31 20:00:00+00:00,2026-08-31 20:59:59.999000+00:00,2.422e-05,2.437e-05,2.418e-05,2.422e-05,692447683.0
2026-08-31 21:00:00+00:00,2026-08-31 21:59:59.999000+00:00,2.422e-05,2.432e-05,2.407e-05,2.423e-05,1461216157.0
2026-08-31 22:00:00+00:00,2026-08-31 22:59:59.999000+00:00,2.425e-05,2.425e-05,2.417e-05,2.422e-05,347173930.0
2026-08-31 23:00:00+00:00,2026-08-31 23:59:59.999000+00:00,2.422e-05,2.423e-05,2.414e-05,2.42e-05,1186363717.0
2026-09-01 00:00:00+00:00,2026-09-01 00:59:59.999000+00:00,2.42e-05,2.448e-05,2.419e-05,2.44e-05,1166814033.0
2026-09-01 01:00:00+00:00,2026-09-01 01:59:59.999000+00:00,2.443e-05,2.446e-05,2.421e-05,2.433e-05,1263547760.0
2026-09-01 02:00:00+00:00,2026-09-01 02:59:59.999000+00:00,2.432e-05,2.433e-05,2.42e-05,2.432e-05,520363557.0
2026-09-01 03:00:00+00:00,2026-09-01 03:59:59.999000+00:00,2.432e-05,2.455e-05,2.427e-05,2.448e-05,1563203443.0
2026-09-01 04:00:00+00:00,2026-09-01 04:59:59.999000+00:00,2.449e-05,2.457e-05,2.438e-05,2.443e-05,1278278482.0
2026-09-01 05:00:00+00:00,2026-09-01 05:59:59.999000+00:00,2.444e-05,2.489e-05,2.441e-05,2.486e-05,4167341106.0
2026-09-01 06:00:00+00:00,2026-09-01 06:59:59.999000+00:00,2.487e-05,2.487e-05,2.462e-05,2.465e-05,2786506314.0
2026-09-01 07:00:00+00:00,2026-09-01 07:59:59.999000+00:00,2.466e-05,2.477e-05,2.463e-05,2.468e-05,1166038455.0
2026-09-01 08:00:00+00:00,2026-09-01 08:59:59.999000+00:00,2.467e-05,2.468e-05,2.413e-05,2.414e-05,4032240526.0
2026-09-01 09:00:00+00:00,2026-09-01 09:59:59.999000+00:00,2.417e-05,2.427e-05,2.409e-05,2.422e-05,843739825.0
2026-09-01 10:00:00+00:00,2026-09-01 10:59:59.999000+00:00,2.421e-05,2.455e-05,2.418e-05,2.446e-05,2171240738.0
2026-09-01 11:00:00+00:00,2026-09-01 11:59:59.999000+00:00,2.447e-05,2.457e-05,2.433e-05,2.438e-05,1776038404.0
2026-09-01 12:00:00+00:00,2026-09-01 12:59:59.999000+00:00,2.442e-05,2.448e-05,2.412e-05,2.418e-05,1396954671.0
2026-09-01 13:00:00+00:00,2026-09-01 13:59:59.999000+00:00,2.419e-05,2.444e-05,2.398e-05,2.436e-05,2230785199.0
2026-09-01 14:00:00+00:00,2026-09-01 14:59:59.999000+00:00,2.439e-05,2.458e-05,2.434e-05,2.446e-05,2318126316.0
2026-09-01 15:00:00+00:00,2026-09-01 15:59:59.999000+00:00,2.446e-05,2.446e-05,2.42e-05,2.429e-05,1883808706.0
2026-09-01 16:00:00+00:00,2026-09-01 16:59:59.999000+00:00,2.429e-05,2.431e-05,2.391e-05,2.406e-05,2183543662.0
2026-09-01 17:00:00+00:00,2026-09-01 17:59:59.999000+00:00,2.406e-05,2.43e-05,2.401e-05,2.404e-05,1273684055.0
2026-09-01 18:00:00+00:00,2026-09-01 18:59:59.999000+00:00,2.406e-05,2.409e-05,2.359e-05,2.397e-05,6351693232.0
2026-09-01 19:00:00+00:00,2026-09-01 19:59:59.999000+00:00,2.397e-05,2.411e-05,2.395e-05,2.406e-05,1367435394.0
2026-09-01 20:00:00+00:00,2026-09-01 20:59:59.999000+00:00,2.406e-05,2.412e-05,2.387e-05,2.399e-05,1392614166.0
2026-09-01 21:00:00+00:00,2026-09-01 21:59:59.999000+00:00,2.401e-05,2.403e-05,2.375e-05,2.388e-05,1180871264.0
2026-09-01 22:00:00+00:00,2026-09-01 22:59:59.999000+00:00,2.389e-05,2.391e-05,2.376e-05,2.379e-05,1079224297.0
2026-09-01 23:00:00+00:00,2026-09-01 23:59:59.999000+00:00,2.379e-05,2.401e-05,2.377e-05,2.396e-05,1401640078.0
2026-09-02 00:00:00+00:00,2026-09-02 00:59:59.999000+00:00,2.397e-05,2.403e-05,2.388e-05,2.388e-05,511931584.0
2026-09-02 01:00:00+00:00,2026-09-02 01:59:59.999000+00:00,2.386e-05,2.393e-05,2.364e-05,2.376e-05,1240450647.0
2026-09-02 02:00:00+00:00,2026-09-02 02:59:59.999000+00:00,2.376e-05,2.41e-05,2.374e-05,2.41e-05,2794577551.0
2026-09-02 03:00:00+00:00,2026-09-02 03:59:59.999000+00:00,2.411e-05,2.43e-05,2.409e-05,2.417e-05,1623162331.0
2026-09-02 04:00:00+00:00,2026-09-02 04:59:59.999000+00:00,2.418e-05,2.429e-05,2.412e-05,2.425e-05,709122730.0
2026-09-02 05:00:00+00:00,2026-09-02 05:59:59.999000+00:00,2.425e-05,2.425e-05,2.404e-05,2.415e-05,2602725489.0
2026-09-02 06:00:00+00:00,2026-09-02 06:59:59.999000+00:00,2.416e-05,2.416e-05,2.4e-05,2.414e-05,2412222612.0
2026-09-02 07:00:00+00:00,2026-09-02 07:59:59.999000+00:00,2.415e-05,2.424e-05,2.408e-05,2.414e-05,2224883593.0
2026-09-02 08:00:00+00:00,2026-09-02 08:59:59.999000+00:00,2.414e-05,2.43e-05,2.39e-05,2.395e-05,2523036722.0
2026-09-02 09:00:00+00:00,2026-09-02 09:59:59.999000+00:00,2.395e-05,2.401e-05,2.372e-05,2.373e-05,1443468500.0
2026-09-02 10:00:00+00:00,2026-09-02 10:59:59.999000+00:00,2.374e-05,2.374e-05,2.344e-05,2.359e-05,3568496521.0
2026-09-02 11:00:00+00:00,2026-09-02 11:59:59.999000+00:00,2.359e-05,2.369e-05,2.348e-05,2.366e-05,1370881470.0
2026-09-02 12:00:00+00:00,2026-09-02 12:59:59.999000+00:00,2.365e-05,2.379e-05,2.357e-05,2.359e-05,1237123224.0
2026-09-02 13:00:00+00:00,2026-09-02 13:59:59.999000+00:00,2.359e-05,2.395e-05,2.355e-05,2.381e-05,1841040365.0
2026-09-02 14:00:00+00:00,2026-09-02 14:59:59.999000+00:00,2.381e-05,2.394e-05,2.373e-05,2.375e-05,1159867386.0
2026-09-02 15:00:00+00:00,2026-09-02 15:59:59.999000+00:00,2.376e-05,2.39e-05,2.361e-05,2.388e-05,1350792883.0
2026-09-02 16:00:00+00:00,2026-09-02 16:59:59.999000+00:00,2.387e-05,2.4e-05,2.383e-05,2.39e-05,1916057390.0
2026-09-02 17:00:00+00:00,2026-09-02 17:59:59.999000+00:00,2.389e-05,2.397e-05,2.376e-05,2.396e-05,930970653.0
2026-09-02 18:00:00+00:00,2026-09-02 18:59:59.999000+00:00,2.395e-05,2.405e-05,2.391e-05,2.401e-05,2317574377.0
2026-09-02 19:00:00+00:00,2026-09-02 19:59:59.999000+00:00,2.399e-05,2.405e-05,2.388e-05,2.399e-05,872922272.0
2026-09-02 20:00:00+00:00,2026-09-02 20:59:59.999000+00:00,2.399e-05,2.422e-05,2.399e-05,2.416e-05,2152034644.0
2026-09-02 21:00:00+00:00,2026-09-02 21:59:59.999000+00:00,2.417e-05,2.417e-05,2.402e-05,2.402e-05,980687339.0
2026-09-02 22:00:00+00:00,2026-09-02 22:59:59.999000+00:00,2.401e-05,2.402e-05,2.388e-05,2.399e-05,1917639174.0
2026-09-02 23:00:00+00:00,2026-09-02 23:59:59.999000+00:00,2.399e-05,2.404e-05,2.391e-05,2.403e-05,736493045.0
2026-09-03 00:00:00+00:00,2026-09-03 00:59:59.999000+00:00,2.403e-05,2.409e-05,2.384e-05,2.39e-05,1362427063.0
2026-09-03 01:00:00+00:00,2026-09-03 01:59:59.999000+00:00,2.388e-05,2.425e-05,2.381e-05,2.411e-05,1477870871.0
2026-09-03 02:00:00+00:00,2026-09-03 02:59:59.999000+00:00,2.41e-05,2.434e-05,2.406e-05,2.432e-05,1661723312.0
2026-09-03 03:00:00+00:00,2026-09-03 03:59:59.999000+00:00,2.433e-05,2.466e-05,2.411e-05,2.422e-05,8245944264.0
2026-09-03 04:00:00+00:00,2026-09-03 04:59:59.999000+00:00,2.421e-05,2.437e-05,2.415e-05,2.437e-05,1097360311.0
2026-09-03 05:00:00+00:00,2026-09-03 05:59:59.999000+00:00,2.439e-05,2.444e-05,2.4e-05,2.442e-05,1148938426.0
2026-09-03 06:00:00+00:00,2026-09-03 06:59:59.999000+00:00,2.441e-05,2.444e-05,2.433e-05,2.436e-05,563237731.0
2026-09-03 07:00:00+00:00,2026-09-03 07:59:59.999000+00:00,2.437e-05,2.453e-05,2.431e-05,2.438e-05,1826518747.0
2026-09-03 08:00:00+00:00,2026-09-03 08:59:59.999000+00:00,2.439e-05,2.459e-05,2.439e-05,2.451e-05,726523242.0
2026-09-03 09:00:00+00:00,2026-09-03 09:59:59.999000+00:00,2.452e-05,2.474e-05,2.445e-05,2.46e-05,2903166051.0
2026-09-03 10:00:00+00:00,2026-09-03 10:59:59.999000+00:00,2.459e-05,2.46e-05,2.439e-05,2.454e-05,1653572023.0
2026-09-03 11:00:00+00:00,2026-09-03 11:59:59.999000+00:00,2.454e-05,2.47e-05,2.45e-05,2.459e-05,2323895075.0
2026-09-03 12:00:00+00:00,2026-09-03 12:59:59.999000+00:00,2.457e-05,2.472e-05,2.451e-05,2.467e-05,913139739.0
2026-09-03 13:00:00+00:00,2026-09-03 13:59:59.999000+00:00,2.466e-05,2.466e-05,2.45e-05,2.453e-05,2750551020.0
2026-09-03 14:00:00+00:00,2026-09-03 14:59:59.999000+00:00,2.451e-05,2.565e-05,2.448e-05,2.564e-05,8268569570.0
2026-09-03 15:00:00+00:00,2026-09-03 15:59:59.999000+00:00,2.565e-05,2.623e-05,2.537e-05,2.619e-05,23119108279.0
2026-09-03 16:00:00+00:00,2026-09-03 16:59:59.999000+00:00,2.62e-05,2.625e-05,2.589e-05,2.598e-05,9257351253.0
2026-09-03 17:00:00+00:00,2026-09-03 17:59:59.999000+00:00,2.598e-05,2.606e-05,2.573e-05,2.603e-05,4243042353.0
2026-09-03 18:00:00+00:00,2026-09-03 18:59:59.999000+00:00,2.603e-05,2.609e-05,2.586e-05,2.593e-05,5006218511.0
2026-09-03 19:00:00+00:00,2026-09-03 19:59:59.999000+00:00,2.593e-05,2.619e-05,2.583e-05,2.599e-05,2764294913.0
2026-09-03 20:00:00+00:00,2026-09-03 20:59:59.999000+00:00,2.598e-05,2.599e-05,2.58e-05,2.595e-05,1087536199.0
2026-09-03 21:00:00+00:00,2026-09-03 21:59:59.999000+00:00,2.595e-05,2.619e-05,2.588e-05,2.592e-05,5349106615.0
2026-09-03 22:00:00+00:00,2026-09-03 22:59:59.999000+00:00,2.592e-05,2.594e-05,2.5e-05,2.537e-05,17326051205.0
2026-09-03 23:00:00+00:00,2026-09-03 23:59:59.999000+00:00,2.537e-05,2.559e-05,2.529e-05,2.556e-05,2862262902.0
2026-09-04 00:00:00+00:00,2026-09-04 00:59:59.999000+00:00,2.556e-05,2.566e-05,2.546e-05,2.547e-05,3121801781.0
2026-09-04 01:00:00+00:00,2026-09-04 01:59:59.999000+00:00,2.548e-05,2.559e-05,2.533e-05,2.547e-05,3206596789.0
2026-09-04 02:00:00+00:00,2026-09-04 02:59:59.999000+00:00,2.546e-05,2.57e-05,2.535e-05,2.569e-05,1055122599.0
2026-09-04 03:00:00+00:00,2026-09-04 03:59:59.999000+00:00,2.57e-05,2.576e-05,2.546e-05,2.552e-05,2441603308.0
2026-09-04 04:00:00+00:00,2026-09-04 04:59:59.999000+00:00,2.551e-05,2.578e-05,2.551e-05,2.559e-05,1594895718.0
2026-09-04 05:00:00+00:00,2026-09-04 05:59:59.999000+00:00,2.557e-05,2.565e-05,2.538e-05,2.55e-05,1583485523.0
2026-09-04 06:00:00+00:00,2026-09-04 06:59:59.999000+00:00,2.547e-05,2.55e-05,2.526e-05,2.53e-05,5549108280.0
2026-09-04 07:00:00+00:00,2026-09-04 07:59:59.999000+00:00,2.534e-05,2.548e-05,2.533e-05,2.533e-05,1217787490.0
2026-09-04 08:00:00+00:00,2026-09-04 08:59:59.999000+00:00,2.533e-05,2.637e-05,2.53e-05,2.611e-05,14098072161.0
2026-09-04 09:00:00+00:00,2026-09-04 09:59:59.999000+00:00,2.612e-05,2.716e-05,2.601e-05,2.703e-05,31896406279.0
2026-09-04 10:00:00+00:00,2026-09-04 10:59:59.999000+00:00,2.703e-05,2.707e-05,2.62e-05,2.636e-05,13534303320.0
2026-09-04 11:00:00+00:00,2026-09-04 11:59:59.999000+00:00,2.634e-05,2.681e-05,2.63e-05,2.68e-05,4273662950.0
2026-09-04 12:00:00+00:00,2026-09-04 12:59:59.999000+00:00,2.682e-05,2.69e-05,2.563e-05,2.58e-05,23264564875.0
2026-09-04 13:00:00+00:00,2026-09-04 13:59:59.999000+00:00,2.58e-05,2.598e-05,2.564e-05,2.573e-05,11501349519.0
2026-09-04 14:00:00+00:00,2026-09-04 14:59:59.999000+00:00,2.574e-05,2.582e-05,2.47e-05,2.488e-05,17956876399.0
2026-09-04 15:00:00+00:00,2026-09-04 15:59:59.999000+00:00,2.487e-05,2.508e-05,2.477e-05,2.501e-05,6876098486.0
2026-09-04 16:00:00+00:00,2026-09-04 16:59:59.999000+00:00,2.501e-05,2.521e-05,2.488e-05,2.511e-05,3182346797.0
2026-09-04 17:00:00+00:00,2026-09-04 17:59:59.999000+00:00,2.511e-05,2.511e-05,2.45e-05,2.467e-05,14134671272.0
2026-09-04 18:00:00+00:00,2026-09-04 18:59:59.999000+00:00,2.469e-05,2.492e-05,2.469e-05,2.491e-05,2118711120.0
2026-09-04 19:00:00+00:00,2026-09-04 19:59:59.999000+00:00,2.491e-05,2.507e-05,2.486e-05,2.501e-05,2855267899.0
2026-09-04 20:00:00+00:00,2026-09-04 20:59:59.999000+00:00,2.502e-05,2.507e-05,2.487e-05,2.501e-05,1734056661.0
2026-09-04 21:00:00+00:00,2026-09-04 21:59:59.999000+00:00,2.501e-05,2.51e-05,2.489e-05,2.49e-05,1816214660.0
2026-09-04 22:00:00+00:00,2026-09-04 22:59:59.999000+00:00,2.491e-05,2.5e-05,2.491e-05,2.491e-05,1207407104.0
2026-09-04 23:00:00+00:00,2026-09-04 23:59:59.999000+00:00,2.492e-05,2.514e-05,2.49e-05,2.514e-05,1006705278.0
2026-09-05 00:00:00+00:00,2026-09-05 00:59:59.999000+00:00,2.514e-05,2.526e-05,2.509e-05,2.518e-05,1819191598.0
2026-09-05 01:00:00+00:00,2026-09-05 01:59:59.999000+00:00,2.518e-05,2.532e-05,2.516e-05,2.525e-05,873076077.0
2026-09-05 02:00:00+00:00,2026-09-05 02:59:59.999000+00:00,2.526e-05,2.537e-05,2.517e-05,2.524e-05,2473972964.0
2026-09-05 03:00:00+00:00,2026-09-05 03:59:59.999000+00:00,2.526e-05,2.537e-05,2.518e-05,2.521e-05,1201006567.0
2026-09-05 04:00:00+00:00,2026-09-05 04:59:59.999000+00:00,2.522e-05,2.535e-05,2.51e-05,2.533e-05,752791591.0
2026-09-05 05:00:00+00:00,2026-09-05 05:59:59.999000+00:00,2.533e-05,2.545e-05,2.524e-05,2.541e-05,3395968394.0
2026-09-05 06:00:00+00:00,2026-09-05 06:59:59.999000+00:00,2.54e-05,2.6e-05,2.54e-05,2.588e-05,10034728468.0
2026-09-05 07:00:00+00:00,2026-09-05 07:59:59.999000+00:00,2.589e-05,2.615e-05,2.582e-05,2.614e-05,6167331216.0
2026-09-05 08:00:00+00:00,2026-09-05 08:59:59.999000+00:00,2.612e-05,2.65e-05,2.601e-05,2.618e-05,8108262781.0
2026-09-05 09:00:00+00:00,2026-09-05 09:59:59.999000+00:00,2.621e-05,2.684e-05,2.62e-05,2.651e-05,18728944682.0
2026-09-05 10:00:00+00:00,2026-09-05 10:59:59.999000+00:00,2.652e-05,2.659e-05,2.635e-05,2.638e-05,3440179991.0
2026-09-05 11:00:00+00:00,2026-09-05 11:59:59.999000+00:00,2.64e-05,2.64e-05,2.607e-05,2.608e-05,6672985863.0
2026-09-05 12:00:00+00:00,2026-09-05 12:59:59.999000+00:00,2.609e-05,2.678e-05,2.598e-05,2.673e-05,7388878702.0
2026-09-05 13:00:00+00:00,2026-09-05 13:59:59.999000+00:00,2.674e-05,2.678e-05,2.63e-05,2.643e-05,9779652776.0
2026-09-05 14:00:00+00:00,2026-09-05 14:59:59.999000+00:00,2.644e-05,2.654e-05,2.638e-05,2.648e-05,3398240952.0
2026-09-05 15:00:00+00:00,2026-09-05 15:59:59.999000+00:00,2.648e-05,2.657e-05,2.633e-05,2.649e-05,2775581310.0
2026-09-05 16:00:00+00:00,2026-09-05 16:59:59.999000+00:00,2.648e-05,2.693e-05,2.625e-05,2.679e-05,7935372167.0
2026-09-05 17:00:00+00:00,2026-09-05 17:59:59.999000+00:00,2.68e-05,2.738e-05,2.673e-05,2.723e-05,11111539171.0
2026-09-05 18:00:00+00:00,2026-09-05 18:59:59.999000+00:00,2.724e-05,2.747e-05,2.675e-05,2.678e-05,12925943663.0
2026-09-05 19:00:00+00:00,2026-09-05 19:59:59.999000+00:00,2.678e-05,2.682e-05,2.647e-05,2.656e-05,5091473803.0
2026-09-05 20:00:00+00:00,2026-09-05 20:59:59.999000+00:00,2.656e-05,2.666e-05,2.626e-05,2.64e-05,4739935959.0
2026-09-05 21:00:00+00:00,2026-09-05 21:59:59.999000+00:00,2.641e-05,2.669e-05,2.638e-05,2.653e-05,1644174664.0
2026-09-05 22:00:00+00:00,2026-09-05 22:59:59.999000+00:00,2.655e-05,2.672e-05,2.634e-05,2.639e-05,3573673766.0
2026-09-05 23:00:00+00:00,2026-09-05 23:59:59.999000+00:00,2.639e-05,2.647e-05,2.629e-05,2.634e-05,1035703329.0
2026-09-06 00:00:00+00:00,2026-09-06 00:59:59.999000+00:00,2.635e-05,2.671e-05,2.633e-05,2.647e-05,1826352660.0
2026-09-06 01:00:00+00:00,2026-09-06 01:59:59.999000+00:00,2.648e-05,2.674e-05,2.646e-05,2.664e-05,2179751483.0
2026-09-06 02:00:00+00:00,2026-09-06 02:59:59.999000+00:00,2.665e-05,2.67e-05,2.645e-05,2.647e-05,2135459739.0
2026-09-06 03:00:00+00:00,2026-09-06 03:59:59.999000+00:00,2.646e-05,2.675e-05,2.638e-05,2.661e-05,1148069663.0
2026-09-06 04:00:00+00:00,2026-09-06 04:59:59.999000+00:00,2.661e-05,2.664e-05,2.637e-05,2.644e-05,1882742533.0
2026-09-06 05:00:00+00:00,2026-09-06 05:59:59.999000+00:00,2.645e-05,2.676e-05,2.636e-05,2.648e-05,2395402244.0
2026-09-06 06:00:00+00:00,2026-09-06 06:59:59.999000+00:00,2.648e-05,2.648e-05,2.601e-05,2.611e-05,5274266473.0
2026-09-06 07:00:00+00:00,2026-09-06 07:59:59.999000+00:00,2.61e-05,2.637e-05,2.582e-05,2.629e-05,6087850552.0
2026-09-06 08:00:00+00:00,2026-09-06 08:59:59.999000+00:00,2.628e-05,2.634e-05,2.612e-05,2.628e-05,1044155114.0
2026-09-06 09:00:00+00:00,2026-09-06 09:59:59.999000+00:00,2.627e-05,2.644e-05,2.623e-05,2.641e-05,1909155139.0
2026-09-06 10:00:00+00:00,2026-09-06 10:59:59.999000+00:00,2.642e-05,2.647e-05,2.634e-05,2.643e-05,1282600357.0
2026-09-06 11:00:00+00:00,2026-09-06 11:59:59.999000+00:00,2.644e-05,2.647e-05,2.634e-05,2.646e-05,1373114873.0
2026-09-06 12:00:00+00:00,2026-09-06 12:59:59.999000+00:00,2.646e-05,2.649e-05,2.626e-05,2.628e-05,1639297715.0
2026-09-06 13:00:00+00:00,2026-09-06 13:59:59.999000+00:00,2.625e-05,2.647e-05,2.614e-05,2.632e-05,6352564156.0
2026-09-06 14:00:00+00:00,2026-09-06 14:59:59.999000+00:00,2.63e-05,2.634e-05,2.559e-05,2.585e-05,7229786985.0
2026-09-06 15:00:00+00:00,2026-09-06 15:59:59.999000+00:00,2.584e-05,2.606e-05,2.569e-05,2.602e-05,1865784138.0
2026-09-06 16:00:00+00:00,2026-09-06 16:59:59.999000+00:00,2.603e-05,2.634e-05,2.598e-05,2.616e-05,6310580644.0
2026-09-06 17:00:00+00:00,2026-09-06 17:59:59.999000+00:00,2.616e-05,2.616e-05,2.594e-05,2.601e-05,1427386464.0
2026-09-06 18:00:00+00:00,2026-09-06 18:59:59.999000+00:00,2.602e-05,2.614e-05,2.591e-05,2.602e-05,2535640155.0
2026-09-06 19:00:00+00:00,2026-09-06 19:59:59.999000+00:00,2.604e-05,2.612e-05,2.593e-05,2.601e-05,1448829551.0
2026-09-06 20:00:00+00:00,2026-09-06 20:59:59.999000+00:00,2.602e-05,2.614e-05,2.597e-05,2.608e-05,1756888180.0
2026-09-06 21:00:00+00:00,2026-09-06 21:59:59.999000+00:00,2.608e-05,2.63e-05,2.608e-05,2.619e-05,1489086798.0
2026-09-06 22:00:00+00:00,2026-09-06 22:59:59.999000+00:00,2.618e-05,2.62e-05,2.591e-05,2.618e-05,2364035714.0
2026-09-06 23:00:00+00:00,2026-09-06 23:59:59.999000+00:00,2.619e-05,2.68e-05,2.615e-05,2.636e-05,6462329850.0
2026-09-07 00:00:00+00:00,2026-09-07 00:59:59.999000+00:00,2.636e-05,2.656e-05,2.624e-05,2.631e-05,2559446752.0
2026-09-07 01:00:00+00:00,2026-09-07 01:59:59.999000+00:00,2.631e-05,2.633e-05,2.596e-05,2.603e-05,1190709168.0
2026-09-07 02:00:00+00:00,2026-09-07 02:59:59.999000+00:00,2.603e-05,2.649e-05,2.593e-05,2.61e-05,1649754146.0
2026-09-07 03:00:00+00:00,2026-09-07 03:59:59.999000+00:00,2.611e-05,2.625e-05,2.597e-05,2.599e-05,4785384190.0
2026-09-07 04:00:00+00:00,2026-09-07 04:59:59.999000+00:00,2.598e-05,2.621e-05,2.598e-05,2.614e-05,2265340915.0
2026-09-07 05:00:00+00:00,2026-09-07 05:59:59.999000+00:00,2.614e-05,2.634e-05,2.609e-05,2.614e-05,2367931802.0
2026-09-07 06:00:00+00:00,2026-09-07 06:59:59.999000+00:00,2.613e-05,2.631e-05,2.61e-05,2.611e-05,975764204.0
2026-09-07 07:00:00+00:00,2026-09-07 07:59:59.999000+00:00,2.611e-05,2.619e-05,2.567e-05,2.584e-05,4349846719.0
2026-09-07 08:00:00+00:00,2026-09-07 08:59:59.999000+00:00,2.583e-05,2.618e-05,2.583e-05,2.608e-05,1134976202.0
2026-09-07 09:00:00+00:00,2026-09-07 09:59:59.999000+00:00,2.608e-05,2.621e-05,2.6e-05,2.601e-05,1644941197.0
2026-09-07 10:00:00+00:00,2026-09-07 10:59:59.999000+00:00,2.604e-05,2.619e-05,2.602e-05,2.612e-05,1318404894.0
2026-09-07 11:00:00+00:00,2026-09-07 11:59:59.999000+00:00,2.614e-05,2.62e-05,2.61e-05,2.613e-05,919018783.0
2026-09-07 12:00:00+00:00,2026-09-07 12:59:59.999000+00:00,2.612e-05,2.694e-05,2.612e-05,2.681e-05,7859308204.0
2026-09-07 13:00:00+00:00,2026-09-07 13:59:59.999000+00:00,2.681e-05,2.682e-05,2.643e-05,2.652e-05,6020384835.0
2026-09-07 14:00:00+00:00,2026-09-07 14:59:59.999000+00:00,2.651e-05,2.659e-05,2.616e-05,2.65e-05,4608175711.0
2026-09-07 15:00:00+00:00,2026-09-07 15:59:59.999000+00:00,2.651e-05,2.656e-05,2.587e-05,2.602e-05,4743565345.0
2026-09-07 16:00:00+00:00,2026-09-07 16:59:59.999000+00:00,2.603e-05,2.642e-05,2.603e-05,2.634e-05,2871198179.0
2026-09-07 17:00:00+00:00,2026-09-07 17:59:59.999000+00:00,2.632e-05,2.646e-05,2.628e-05,2.633e-05,1372996775.0
2026-09-07 18:00:00+00:00,2026-09-07 18:59:59.999000+00:00,2.633e-05,2.64e-05,2.614e-05,2.625e-05,1106538472.0
2026-09-07 19:00:00+00:00,2026-09-07 19:59:59.999000+00:00,2.627e-05,2.66e-05,2.62e-05,2.659e-05,2982258827.0
2026-09-07 20:00:00+00:00,2026-09-07 20:59:59.999000+00:00,2.659e-05,2.659e-05,2.634e-05,2.648e-05,1810457453.0
2026-09-07 21:00:00+00:00,2026-09-07 21:59:59.999000+00:00,2.651e-05,2.657e-05,2.637e-05,2.637e-05,2504450520.0
2026-09-07 22:00:00+00:00,2026-09-07 22:59:59.999000+00:00,2.636e-05,2.637e-05,2.593e-05,2.605e-05,3196239060.0
2026-09-07 23:00:00+00:00,2026-09-07 23:59:59.999000+00:00,2.604e-05,2.633e-05,2.604e-05,2.625e-05,1610009913.0
2026-09-08 00:00:00+00:00,2026-09-08 00:59:59.999000+00:00,2.626e-05,2.646e-05,2.625e-05,2.646e-05,1189648669.0
2026-09-08 01:00:00+00:00,2026-09-08 01:59:59.999000+00:00,2.646e-05,2.65e-05,2.639e-05,2.644e-05,1120356952.0
2026-09-08 02:00:00+00:00,2026-09-08 02:59:59.999000+00:00,2.647e-05,2.655e-05,2.61e-05,2.61e-05,1854848597.0
2026-09-08 03:00:00+00:00,2026-09-08 03:59:59.999000+00:00,2.61e-05,2.631e-05,2.607e-05,2.623e-05,2510410134.0
2026-09-08 04:00:00+00:00,2026-09-08 04:59:59.999000+00:00,2.621e-05,2.628e-05,2.61e-05,2.615e-05,2830365474.0
2026-09-08 05:00:00+00:00,2026-09-08 05:59:59.999000+00:00,2.614e-05,2.638e-05,2.605e-05,2.622e-05,3130794541.0
2026-09-08 06:00:00+00:00,2026-09-08 06:59:59.999000+00:00,2.622e-05,2.623e-05,2.598e-05,2.609e-05,2348228482.0
2026-09-08 07:00:00+00:00,2026-09-08 07:59:59.999000+00:00,2.61e-05,2.644e-05,2.603e-05,2.633e-05,1914085994.0
2026-09-08 08:00:00+00:00,2026-09-08 08:59:59.999000+00:00,2.632e-05,2.65e-05,2.621e-05,2.64e-05,2955252991.0
2026-09-08 09:00:00+00:00,2026-09-08 09:59:59.999000+00:00,2.64e-05,2.668e-05,2.633e-05,2.662e-05,2637006158.0
2026-09-08 10:00:00+00:00,2026-09-08 10:59:59.999000+00:00,2.661e-05,2.666e-05,2.637e-05,2.637e-05,2530317445.0
2026-09-08 11:00:00+00:00,2026-09-08 11:59:59.999000+00:00,2.637e-05,2.64e-05,2.61e-05,2.616e-05,2015084334.0
2026-09-08 12:00:00+00:00,2026-09-08 12:59:59.999000+00:00,2.617e-05,2.629e-05,2.604e-05,2.624e-05,1631805387.0
2026-09-08 13:00:00+00:00,2026-09-08 13:59:59.999000+00:00,2.622e-05,2.625e-05,2.566e-05,2.595e-05,5215610576.0
2026-09-08 14:00:00+00:00,2026-09-08 14:59:59.999000+00:00,2.596e-05,2.63e-05,2.592e-05,2.622e-05,2947856597.0
2026-09-08 15:00:00+00:00,2026-09-08 15:59:59.999000+00:00,2.623e-05,2.659e-05,2.622e-05,2.654e-05,5569681245.0
2026-09-08 16:00:00+00:00,2026-09-08 16:59:59.999000+00:00,2.653e-05,2.685e-05,2.635e-05,2.681e-05,11583761619.0
2026-09-08 17:00:00+00:00,2026-09-08 17:59:59.999000+00:00,2.68e-05,2.687e-05,2.648e-05,2.658e-05,4121123566.0
2026-09-08 18:00:00+00:00,2026-09-08 18:59:59.999000+00:00,2.659e-05,2.674e-05,2.623e-05,2.636e-05,4626486399.0
2026-09-08 19:00:00+00:00,2026-09-08 19:59:59.999000+00:00,2.635e-05,2.647e-05,2.625e-05,2.631e-05,1914507002.0
2026-09-08 20:00:00+00:00,2026-09-08 20:59:59.999000+00:00,2.634e-05,2.652e-05,2.628e-05,2.636e-05,4839229831.0
2026-09-08 21:00:00+00:00,2026-09-08 21:59:59.999000+00:00,2.636e-05,2.645e-05,2.62e-05,2.625e-05,1911630661.0
2026-09-08 22:00:00+00:00,2026-09-08 22:59:59.999000+00:00,2.627e-05,2.648e-05,2.621e-05,2.631e-05,1988803879.0
2026-09-08 23:00:00+00:00,2026-09-08 23:59:59.999000+00:00,2.631e-05,2.632e-05,2.622e-05,2.625e-05,701557142.0
2026-09-09 00:00:00+00:00,2026-09-09 00:59:59.999000+00:00,2.624e-05,2.652e-05,2.624e-05,2.631e-05,1894004771.0
2026-09-09 01:00:00+00:00,2026-09-09 01:59:59.999000+00:00,2.632e-05,2.641e-05,2.616e-05,2.634e-05,1489032201.0
2026-09-09 02:00:00+00:00,2026-09-09 02:59:59.999000+00:00,2.636e-05,2.637e-05,2.612e-05,2.615e-05,1414781025.0
2026-09-09 03:00:00+00:00,2026-09-09 03:59:59.999000+00:00,2.616e-05,2.621e-05,2.599e-05,2.615e-05,2401396773.0
2026-09-09 04:00:00+00:00,2026-09-09 04:59:59.999000+00:00,2.612e-05,2.65e-05,2.612e-05,2.649e-05,2555825295.0
2026-09-09 05:00:00+00:00,2026-09-09 05:59:59.999000+00:00,2.649e-05,2.649e-05,2.621e-05,2.628e-05,1738148159.0
2026-09-09 06:00:00+00:00,2026-09-09 06:59:59.999000+00:00,2.628e-05,2.646e-05,2.619e-05,2.638e-05,825613491.0
2026-09-09 07:00:00+00:00,2026-09-09 07:59:59.999000+00:00,2.635e-05,2.654e-05,2.62e-05,2.632e-05,2768855587.0
2026-09-09 08:00:00+00:00,2026-09-09 08:59:59.999000+00:00,2.633e-05,2.653e-05,2.632e-05,2.647e-05,2178066481.0
2026-09-09 09:00:00+00:00,2026-09-09 09:59:59.999000+00:00,2.648e-05,2.65e-05,2.603e-05,2.61e-05,3785104629.0
2026-09-09 10:00:00+00:00,2026-09-09 10:59:59.999000+00:00,2.609e-05,2.619e-05,2.605e-05,2.619e-05,2878557228.0
2026-09-09 11:00:00+00:00,2026-09-09 11:59:59.999000+00:00,2.617e-05,2.635e-05,2.6e-05,2.631e-05,3488909770.0
2026-09-09 12:00:00+00:00,2026-09-09 12:59:59.999000+00:00,2.631e-05,2.64e-05,2.624e-05,2.634e-05,2275707439.0
2026-09-09 13:00:00+00:00,2026-09-09 13:59:59.999000+00:00,2.634e-05,2.638e-05,2.603e-05,2.611e-05,1665102361.0
2026-09-09 14:00:00+00:00,2026-09-09 14:59:59.999000+00:00,2.611e-05,2.631e-05,2.6e-05,2.604e-05,3335905284.0
2026-09-09 15:00:00+00:00,2026-09-09 15:59:59.999000+00:00,2.606e-05,2.625e-05,2.519e-05,2.563e-05,17529731930.0
2026-09-09 16:00:00+00:00,2026-09-09 16:59:59.999000+00:00,2.563e-05,2.58e-05,2.55e-05,2.58e-05,3288652651.0
2026-09-09 17:00:00+00:00,2026-09-09 17:59:59.999000+00:00,2.579e-05,2.591e-05,2.574e-05,2.574e-05,2765506915.0
2026-09-09 18:00:00+00:00,2026-09-09 18:59:59.999000+00:00,2.574e-05,2.576e-05,2.555e-05,2.557e-05,1146573847.0
2026-09-09 19:00:00+00:00,2026-09-09 19:59:59.999000+00:00,2.557e-05,2.56e-05,2.515e-05,2.52e-05,6867046850.0
2026-09-09 20:00:00+00:00,2026-09-09 20:59:59.999000+00:00,2.521e-05,2.529e-05,2.492e-05,2.529e-05,4681226110.0
2026-09-09 21:00:00+00:00,2026-09-09 21:59:59.999000+00:00,2.529e-05,2.536e-05,2.489e-05,2.501e-05,3098506192.0
2026-09-09 22:00:00+00:00,2026-09-09 22:59:59.999000+00:00,2.503e-05,2.507e-05,2.434e-05,2.46e-05,11960111634.0
2026-09-09 23:00:00+00:00,2026-09-09 23:59:59.999000+00:00,2.459e-05,2.487e-05,2.458e-05,2.484e-05,1373676648.0
2026-09-10 00:00:00+00:00,2026-09-10 00:59:59.999000+00:00,2.484e-05,2.484e-05,2.456e-05,2.458e-05,1380140991.0
2026-09-10 01:00:00+00:00,2026-09-10 01:59:59.999000+00:00,2.459e-05,2.483e-05,2.443e-05,2.456e-05,2799764862.0
2026-09-10 02:00:00+00:00,2026-09-10 02:59:59.999000+00:00,2.456e-05,2.483e-05,2.446e-05,2.479e-05,3185771652.0
2026-09-10 03:00:00+00:00,2026-09-10 03:59:59.999000+00:00,2.481e-05,2.482e-05,2.467e-05,2.47e-05,946346996.0
2026-09-10 04:00:00+00:00,2026-09-10 04:59:59.999000+00:00,2.47e-05,2.476e-05,2.457e-05,2.46e-05,3044355062.0
2026-09-10 05:00:00+00:00,2026-09-10 05:59:59.999000+00:00,2.46e-05,2.49e-05,2.447e-05,2.467e-05,1828439804.0
2026-09-10 06:00:00+00:00,2026-09-10 06:59:59.999000+00:00,2.468e-05,2.474e-05,2.45e-05,2.468e-05,1297854680.0
2026-09-10 07:00:00+00:00,2026-09-10 07:59:59.999000+00:00,2.468e-05,2.468e-05,2.427e-05,2.436e-05,4632937962.0
2026-09-10 08:00:00+00:00,2026-09-10 08:59:59.999000+00:00,2.435e-05,2.436e-05,2.42e-05,2.425e-05,2657562190.0
2026-09-10 09:00:00+00:00,2026-09-10 09:59:59.999000+00:00,2.425e-05,2.441e-05,2.414e-05,2.424e-05,2002229732.0
2026-09-10 10:00:00+00:00,2026-09-10 10:59:59.999000+00:00,2.424e-05,2.442e-05,2.414e-05,2.414e-05,3167993499.0
2026-09-10 11:00:00+00:00,2026-09-10 11:59:59.999000+00:00,2.414e-05,2.441e-05,2.412e-05,2.422e-05,1335287694.0
2026-09-10 12:00:00+00:00,2026-09-10 12:59:59.999000+00:00,2.422e-05,2.431e-05,2.369e-05,2.39e-05,7557364073.0
2026-09-10 13:00:00+00:00,2026-09-10 13:59:59.999000+00:00,2.39e-05,2.41e-05,2.388e-05,2.407e-05,3551327018.0
2026-09-10 14:00:00+00:00,2026-09-10 14:59:59.999000+00:00,2.407e-05,2.418e-05,2.393e-05,2.409e-05,2120919755.0
2026-09-10 15:00:00+00:00,2026-09-10 15:59:59.999000+00:00,2.409e-05,2.409e-05,2.387e-05,2.394e-05,3927884609.0
2026-09-10 16:00:00+00:00,2026-09-10 16:59:59.999000+00:00,2.393e-05,2.394e-05,2.359e-05,2.385e-05,3676930382.0
2026-09-10 17:00:00+00:00,2026-09-10 17:59:59.999000+00:00,2.387e-05,2.415e-05,2.383e-05,2.408e-05,2137112989.0
2026-09-10 18:00:00+00:00,2026-09-10 18:59:59.999000+00:00,2.408e-05,2.419e-05,2.39e-05,2.416e-05,838617556.0
2026-09-10 19:00:00+00:00,2026-09-10 19:59:59.999000+00:00,2.417e-05,2.417e-05,2.398e-05,2.398e-05,1298560650.0
2026-09-10 20:00:00+00:00,2026-09-10 20:59:59.999000+00:00,2.399e-05,2.417e-05,2.397e-05,2.409e-05,546306328.0
2026-09-10 21:00:00+00:00,2026-09-10 21:59:59.999000+00:00,2.409e-05,2.42e-05,2.401e-05,2.403e-05,772324348.0
2026-09-10 22:00:00+00:00,2026-09-10 22:59:59.999000+00:00,2.408e-05,2.418e-05,2.385e-05,2.385e-05,1909091253.0
2026-09-10 23:00:00+00:00,2026-09-10 23:59:59.999000+00:00,2.386e-05,2.387e-05,2.364e-05,2.37e-05,3619170062.0
2026-09-11 00:00:00+00:00,2026-09-11 00:59:59.999000+00:00,2.37e-05,2.397e-05,2.37e-05,2.393e-05,1340589559.0
2026-09-11 01:00:00+00:00,2026-09-11 01:59:59.999000+00:00,2.394e-05,2.407e-05,2.387e-05,2.407e-05,1036112608.0
2026-09-11 02:00:00+00:00,2026-09-11 02:59:59.999000+00:00,2.407e-05,2.407e-05,2.386e-05,2.399e-05,998994208.0
2026-09-11 03:00:00+00:00,2026-09-11 03:59:59.999000+00:00,2.4e-05,2.412e-05,2.39e-05,2.406e-05,692828672.0
2026-09-11 04:00:00+00:00,2026-09-11 04:59:59.999000+00:00,2.407e-05,2.424e-05,2.405e-05,2.415e-05,1329987353.0
2026-09-11 05:00:00+00:00,2026-09-11 05:59:59.999000+00:00,2.414e-05,2.419e-05,2.413e-05,2.418e-05,954659535.0
2026-09-11 06:00:00+00:00,2026-09-11 06:59:59.999000+00:00,2.417e-05,2.455e-05,2.406e-05,2.425e-05,10972501173.0
2026-09-11 07:00:00+00:00,2026-09-11 07:59:59.999000+00:00,2.424e-05,2.434e-05,2.419e-05,2.419e-05,2347807095.0
2026-09-11 08:00:00+00:00,2026-09-11 08:59:59.999000+00:00,2.419e-05,2.437e-05,2.409e-05,2.425e-05,1482814538.0
2026-09-11 09:00:00+00:00,2026-09-11 09:59:59.999000+00:00,2.426e-05,2.426e-05,2.397e-05,2.406e-05,1490478364.0
2026-09-11 10:00:00+00:00,2026-09-11 10:59:59.999000+00:00,2.406e-05,2.412e-05,2.396e-05,2.397e-05,1626875186.0
2026-09-11 11:00:00+00:00,2026-09-11 11:59:59.999000+00:00,2.397e-05,2.406e-05,2.379e-05,2.404e-05,1498527904.0
2026-09-11 12:00:00+00:00,2026-09-11 12:59:59.999000+00:00,2.404e-05,2.473e-05,2.381e-05,2.462e-05,9819221536.0
2026-09-11 13:00:00+00:00,2026-09-11 13:59:59.999000+00:00,2.463e-05,2.548e-05,2.442e-05,2.546e-05,8167829925.0
2026-09-11 14:00:00+00:00,2026-09-11 14:59:59.999000+00:00,2.547e-05,2.569e-05,2.512e-05,2.522e-05,10836737957.0
2026-09-11 15:00:00+00:00,2026-09-11 15:59:59.999000+00:00,2.523e-05,2.537e-05,2.469e-05,2.488e-05,4987334242.0
2026-09-11 16:00:00+00:00,2026-09-11 16:59:59.999000+00:00,2.488e-05,2.504e-05,2.477e-05,2.498e-05,3118069132.0
2026-09-11 17:00:00+00:00,2026-09-11 17:59:59.999000+00:00,2.498e-05,2.501e-05,2.469e-05,2.474e-05,1307348356.0
2026-09-11 18:00:00+00:00,2026-09-11 18:59:59.999000+00:00,2.473e-05,2.476e-05,2.431e-05,2.437e-05,3389093307.0
2026-09-11 19:00:00+00:00,2026-09-11 19:59:59.999000+00:00,2.438e-05,2.458e-05,2.43e-05,2.456e-05,2716046455.0
2026-09-11 20:00:00+00:00,2026-09-11 20:59:59.999000+00:00,2.455e-05,2.471e-05,2.444e-05,2.46e-05,1403806046.0
2026-09-11 21:00:00+00:00,2026-09-11 21:59:59.999000+00:00,2.459e-05,2.47e-05,2.436e-05,2.436e-05,745933259.0
2026-09-11 22:00:00+00:00,2026-09-11 22:59:59.999000+00:00,2.437e-05,2.445e-05,2.423e-05,2.435e-05,2123879855.0
2026-09-11 23:00:00+00:00,2026-09-11 23:59:59.999000+00:00,2.434e-05,2.463e-05,2.433e-05,2.456e-05,1391943956.0
2026-09-12 00:00:00+00:00,2026-09-12 00:59:59.999000+00:00,2.456e-05,2.468e-05,2.452e-05,2.459e-05,883764524.0
2026-09-12 01:00:00+00:00,2026-09-12 01:59:59.999000+00:00,2.46e-05,2.473e-05,2.455e-05,2.471e-05,1447078992.0
2026-09-12 02:00:00+00:00,2026-09-12 02:59:59.999000+00:00,2.471e-05,2.502e-05,2.466e-05,2.486e-05,2476140023.0
2026-09-12 03:00:00+00:00,2026-09-12 03:59:59.999000+00:00,2.486e-05,2.496e-05,2.479e-05,2.493e-05,1034508117.0
2026-09-12 04:00:00+00:00,2026-09-12 04:59:59.999000+00:00,2.495e-05,2.495e-05,2.484e-05,2.487e-05,680741360.0
2026-09-12 05:00:00+00:00,2026-09-12 05:59:59.999000+00:00,2.488e-05,2.492e-05,2.476e-05,2.481e-05,1041004022.0
2026-09-12 06:00:00+00:00,2026-09-12 06:59:59.999000+00:00,2.479e-05,2.486e-05,2.474e-05,2.481e-05,801554005.0
2026-09-12 07:00:00+00:00,2026-09-12 07:59:59.999000+00:00,2.482e-05,2.489e-05,2.48e-05,2.486e-05,866308490.0
2026-09-12 08:00:00+00:00,2026-09-12 08:59:59.999000+00:00,2.486e-05,2.514e-05,2.484e-05,2.488e-05,1707791831.0
2026-09-12 09:00:00+00:00,2026-09-12 09:59:59.999000+00:00,2.489e-05,2.502e-05,2.486e-05,2.494e-05,1523382659.0
2026-09-12 10:00:00+00:00,2026-09-12 10:59:59.999000+00:00,2.494e-05,2.503e-05,2.492e-05,2.496e-05,644133189.0
2026-09-12 11:00:00+00:00,2026-09-12 11:59:59.999000+00:00,2.496e-05,2.517e-05,2.49e-05,2.506e-05,1438614934.0
2026-09-12 12:00:00+00:00,2026-09-12 12:59:59.999000+00:00,2.507e-05,2.509e-05,2.485e-05,2.489e-05,484035643.0
2026-09-12 13:00:00+00:00,2026-09-12 13:59:59.999000+00:00,2.489e-05,2.496e-05,2.478e-05,2.483e-05,838717121.0
2026-09-12 14:00:00+00:00,2026-09-12 14:59:59.999000+00:00,2.485e-05,2.494e-05,2.483e-05,2.487e-05,836516055.0
2026-09-12 15:00:00+00:00,2026-09-12 15:59:59.999000+00:00,2.488e-05,2.493e-05,2.481e-05,2.483e-05,1084338739.0
2026-09-12 16:00:00+00:00,2026-09-12 16:59:59.999000+00:00,2.483e-05,2.485e-05,2.476e-05,2.478e-05,435323740.0
2026-09-12 17:00:00+00:00,2026-09-12 17:59:59.999000+00:00,2.479e-05,2.482e-05,2.471e-05,2.476e-05,497059702.0
2026-09-12 18:00:00+00:00,2026-09-12 18:59:59.999000+00:00,2.474e-05,2.49e-05,2.467e-05,2.482e-05,1492325748.0
2026-09-12 19:00:00+00:00,2026-09-12 19:59:59.999000+00:00,2.483e-05,2.486e-05,2.471e-05,2.478e-05,632621981.0
2026-09-12 20:00:00+00:00,2026-09-12 20:59:59.999000+00:00,2.478e-05,2.486e-05,2.478e-05,2.479e-05,725657252.0
2026-09-12 21:00:00+00:00,2026-09-12 21:59:59.999000+00:00,2.477e-05,2.482e-05,2.47e-05,2.471e-05,462637933.0
2026-09-12 22:00:00+00:00,2026-09-12 22:59:59.999000+00:00,2.472e-05,2.474e-05,2.461e-05,2.463e-05,1123268720.0
2026-09-12 23:00:00+00:00,2026-09-12 23:59:59.999000+00:00,2.464e-05,2.474e-05,2.462e-05,2.473e-05,418576263.0
2026-09-13 00:00:00+00:00,2026-09-13 00:59:59.999000+00:00,2.472e-05,2.478e-05,2.47e-05,2.473e-05,248886533.0
2026-09-13 01:00:00+00:00,2026-09-13 01:59:59.999000+00:00,2.474e-05,2.487e-05,2.471e-05,2.476e-05,1401182577.0
2026-09-13 02:00:00+00:00,2026-09-13 02:59:59.999000+00:00,2.475e-05,2.483e-05,2.467e-05,2.474e-05,712633310.0
2026-09-13 03:00:00+00:00,2026-09-13 03:59:59.999000+00:00,2.473e-05,2.48e-05,2.461e-05,2.466e-05,771143042.0
2026-09-13 04:00:00+00:00,2026-09-13 04:59:59.999000+00:00,2.467e-05,2.477e-05,2.466e-05,2.47e-05,396812744.0
2026-09-13 05:00:00+00:00,2026-09-13 05:59:59.999000+00:00,2.469e-05,2.48e-05,2.469e-05,2.48e-05,609262237.0
2026-09-13 06:00:00+00:00,2026-09-13 06:59:59.999000+00:00,2.48e-05,2.481e-05,2.465e-05,2.465e-05,335185055.0
2026-09-13 07:00:00+00:00,2026-09-13 07:59:59.999000+00:00,2.468e-05,2.476e-05,2.454e-05,2.456e-05,929219037.0
2026-09-13 08:00:00+00:00,2026-09-13 08:59:59.999000+00:00,2.454e-05,2.46e-05,2.432e-05,2.438e-05,2131357458.0
2026-09-13 09:00:00+00:00,2026-09-13 09:59:59.999000+00:00,2.439e-05,2.451e-05,2.429e-05,2.448e-05,710855001.0
2026-09-13 10:00:00+00:00,2026-09-13 10:59:59.999000+00:00,2.449e-05,2.45e-05,2.435e-05,2.437e-05,345579388.0
2026-09-13 11:00:00+00:00,2026-09-13 11:59:59.999000+00:00,2.439e-05,2.451e-05,2.438e-05,2.45e-05,940127575.0
2026-09-13 12:00:00+00:00,2026-09-13 12:59:59.999000+00:00,2.45e-05,2.469e-05,2.446e-05,2.456e-05,1592705181.0
2026-09-13 13:00:00+00:00,2026-09-13 13:59:59.999000+00:00,2.457e-05,2.459e-05,2.433e-05,2.457e-05,760635970.0
2026-09-13 14:00:00+00:00,2026-09-13 14:59:59.999000+00:00,2.458e-05,2.469e-05,2.457e-05,2.46e-05,1007882381.0
2026-09-13 15:00:00+00:00,2026-09-13 15:59:59.999000+00:00,2.461e-05,2.462e-05,2.443e-05,2.443e-05,792996544.0
2026-09-13 16:00:00+00:00,2026-09-13 16:59:59.999000+00:00,2.442e-05,2.454e-05,2.442e-05,2.453e-05,409025442.0
2026-09-13 17:00:00+00:00,2026-09-13 17:59:59.999000+00:00,2.455e-05,2.467e-05,2.455e-05,2.46e-05,760424293.0
2026-09-13 18:00:00+00:00,2026-09-13 18:59:59.999000+00:00,2.461e-05,2.483e-05,2.46e-05,2.481e-05,1250308195.0
2026-09-13 19:00:00+00:00,2026-09-13 19:59:59.999000+00:00,2.482e-05,2.488e-05,2.463e-05,2.468e-05,974529451.0
2026-09-13 20:00:00+00:00,2026-09-13 20:59:59.999000+00:00,2.466e-05,2.471e-05,2.464e-05,2.466e-05,327155483.0
2026-09-13 21:00:00+00:00,2026-09-13 21:59:59.999000+00:00,2.468e-05,2.468e-05,2.454e-05,2.455e-05,527820164.0
2026-09-13 22:00:00+00:00,2026-09-13 22:59:59.999000+00:00,2.455e-05,2.455e-05,2.396e-05,2.4e-05,4721016735.0
2026-09-13 23:00:00+00:00,2026-09-13 23:59:59.999000+00:00,2.401e-05,2.437e-05,2.401e-05,2.426e-05,9067559151.0
2026-09-14 00:00:00+00:00,2026-09-14 00:59:59.999000+00:00,2.429e-05,2.435e-05,2.407e-05,2.43e-05,1613753365.0
2026-09-14 01:00:00+00:00,2026-09-14 01:59:59.999000+00:00,2.43e-05,2.447e-05,2.42e-05,2.446e-05,971302528.0
2026-09-14 02:00:00+00:00,2026-09-14 02:59:59.999000+00:00,2.446e-05,2.473e-05,2.44e-05,2.459e-05,1076178069.0
2026-09-14 03:00:00+00:00,2026-09-14 03:59:59.999000+00:00,2.459e-05,2.474e-05,2.459e-05,2.464e-05,562425153.0
2026-09-14 04:00:00+00:00,2026-09-14 04:59:59.999000+00:00,2.465e-05,2.472e-05,2.454e-05,2.459e-05,1660575367.0
2026-09-14 05:00:00+00:00,2026-09-14 05:59:59.999000+00:00,2.46e-05,2.467e-05,2.457e-05,2.461e-05,556960397.0
2026-09-14 06:00:00+00:00,2026-09-14 06:59:59.999000+00:00,2.462e-05,2.475e-05,2.456e-05,2.464e-05,1342613426.0
2026-09-14 07:00:00+00:00,2026-09-14 07:59:59.999000+00:00,2.464e-05,2.473e-05,2.462e-05,2.472e-05,439411819.0
2026-09-14 08:00:00+00:00,2026-09-14 08:59:59.999000+00:00,2.472e-05,2.49e-05,2.462e-05,2.464e-05,4820263555.0
2026-09-14 09:00:00+00:00,2026-09-14 09:59:59.999000+00:00,2.465e-05,2.499e-05,2.453e-05,2.486e-05,2408941090.0
2026-09-14 10:00:00+00:00,2026-09-14 10:59:59.999000+00:00,2.486e-05,2.495e-05,2.477e-05,2.489e-05,2296516554.0
2026-09-14 11:00:00+00:00,2026-09-14 11:59:59.999000+00:00,2.489e-05,2.49e-05,2.473e-05,2.483e-05,1302720312.0
2026-09-14 12:00:00+00:00,2026-09-14 12:59:59.999000+00:00,2.484e-05,2.494e-05,2.455e-05,2.457e-05,1851922191.0
2026-09-14 13:00:00+00:00,2026-09-14 13:59:59.999000+00:00,2.457e-05,2.488e-05,2.443e-05,2.467e-05,1796232142.0
2026-09-14 14:00:00+00:00,2026-09-14 14:59:59.999000+00:00,2.467e-05,2.48e-05,2.462e-05,2.466e-05,1080161719.0
2026-09-14 15:00:00+00:00,2026-09-14 15:59:59.999000+00:00,2.465e-05,2.479e-05,2.456e-05,2.472e-05,1386284825.0
2026-09-14 16:00:00+00:00,2026-09-14 16:59:59.999000+00:00,2.472e-05,2.499e-05,2.468e-05,2.49e-05,2279463949.0
2026-09-14 17:00:00+00:00,2026-09-14 17:59:59.999000+00:00,2.488e-05,2.513e-05,2.487e-05,2.506e-05,3477442056.0
2026-09-14 18:00:00+00:00,2026-09-14 18:59:59.999000+00:00,2.508e-05,2.533e-05,2.504e-05,2.511e-05,5468032202.0
2026-09-14 19:00:00+00:00,2026-09-14 19:59:59.999000+00:00,2.512e-05,2.512e-05,2.478e-05,2.492e-05,11460644234.0
2026-09-14 20:00:00+00:00,2026-09-14 20:59:59.999000+00:00,2.494e-05,2.535e-05,2.494e-05,2.505e-05,2876752319.0
2026-09-14 21:00:00+00:00,2026-09-14 21:59:59.999000+00:00,2.505e-05,2.505e-05,2.47e-05,2.472e-05,2815717203.0
2026-09-14 22:00:00+00:00,2026-09-14 22:59:59.999000+00:00,2.472e-05,2.484e-05,2.464e-05,2.466e-05,2400065648.0
2026-09-14 23:00:00+00:00,2026-09-14 23:59:59.999000+00:00,2.468e-05,2.47e-05,2.459e-05,2.461e-05,634786457.0
2026-09-15 00:00:00+00:00,2026-09-15 00:59:59.999000+00:00,2.462e-05,2.468e-05,2.459e-05,2.46e-05,413568597.0
2026-09-15 01:00:00+00:00,2026-09-15 01:59:59.999000+00:00,2.459e-05,2.464e-05,2.449e-05,2.449e-05,713225030.0
2026-09-15 02:00:00+00:00,2026-09-15 02:59:59.999000+00:00,2.449e-05,2.455e-05,2.447e-05,2.453e-05,1318358890.0
2026-09-15 03:00:00+00:00,2026-09-15 03:59:59.999000+00:00,2.453e-05,2.455e-05,2.44e-05,2.442e-05,1901425850.0
2026-09-15 04:00:00+00:00,2026-09-15 04:59:59.999000+00:00,2.441e-05,2.446e-05,2.434e-05,2.441e-05,1066932752.0
2026-09-15 05:00:00+00:00,2026-09-15 05:59:59.999000+00:00,2.441e-05,2.446e-05,2.427e-05,2.444e-05,1439794365.0
2026-09-15 06:00:00+00:00,2026-09-15 06:59:59.999000+00:00,2.444e-05,2.446e-05,2.426e-05,2.428e-05,2217467652.0
2026-09-15 07:00:00+00:00,2026-09-15 07:59:59.999000+00:00,2.427e-05,2.434e-05,2.412e-05,2.415e-05,897104079.0
2026-09-15 08:00:00+00:00,2026-09-15 08:59:59.999000+00:00,2.415e-05,2.433e-05,2.408e-05,2.433e-05,1419502755.0
2026-09-15 09:00:00+00:00,2026-09-15 09:59:59.999000+00:00,2.434e-05,2.434e-05,2.423e-05,2.426e-05,850771515.0
2026-09-15 10:00:00+00:00,2026-09-15 10:59:59.999000+00:00,2.426e-05,2.429e-05,2.418e-05,2.421e-05,646399831.0
2026-09-15 11:00:00+00:00,2026-09-15 11:59:59.999000+00:00,2.421e-05,2.426e-05,2.405e-05,2.411e-05,967407327.0
2026-09-15 12:00:00+00:00,2026-09-15 12:59:59.999000+00:00,2.412e-05,2.43e-05,2.41e-05,2.425e-05,727718815.0
2026-09-15 13:00:00+00:00,2026-09-15 13:59:59.999000+00:00,2.425e-05,2.439e-05,2.393e-05,2.424e-05,2098654985.0
2026-09-15 14:00:00+00:00,2026-09-15 14:59:59.999000+00:00,2.426e-05,2.428e-05,2.36e-05,2.387e-05,3812333843.0
2026-09-15 15:00:00+00:00,2026-09-15 15:59:59.999000+00:00,2.387e-05,2.413e-05,2.374e-05,2.399e-05,12763057296.0
2026-09-15 16:00:00+00:00,2026-09-15 16:59:59.999000+00:00,2.399e-05,2.41e-05,2.39e-05,2.404e-05,1181988259.0
2026-09-15 17:00:00+00:00,2026-09-15 17:59:59.999000+00:00,2.403e-05,2.435e-05,2.394e-05,2.42e-05,1371732083.0
2026-09-15 18:00:00+00:00,2026-09-15 18:59:59.999000+00:00,2.421e-05,2.432e-05,2.325e-05,2.387e-05,6554675983.0
2026-09-15 19:00:00+00:00,2026-09-15 19:59:59.999000+00:00,2.387e-05,2.404e-05,2.339e-05,2.364e-05,14682413177.0
2026-09-15 20:00:00+00:00,2026-09-15 20:59:59.999000+00:00,2.365e-05,2.369e-05,2.328e-05,2.344e-05,3277441342.0
2026-09-15 21:00:00+00:00,2026-09-15 21:59:59.999000+00:00,2.346e-05,2.346e-05,2.31e-05,2.312e-05,3511113974.0
2026-09-15 22:00:00+00:00,2026-09-15 22:59:59.999000+00:00,2.312e-05,2.327e-05,2.304e-05,2.326e-05,3591531446.0
2026-09-15 23:00:00+00:00,2026-09-15 23:59:59.999000+00:00,2.329e-05,2.348e-05,2.327e-05,2.328e-05,1246286391.0
2026-09-16 00:00:00+00:00,2026-09-16 00:59:59.999000+00:00,2.329e-05,2.331e-05,2.319e-05,2.322e-05,1140679065.0
2026-09-16 01:00:00+00:00,2026-09-16 01:59:59.999000+00:00,2.322e-05,2.326e-05,2.296e-05,2.299e-05,1629902316.0
2026-09-16 02:00:00+00:00,2026-09-16 02:59:59.999000+00:00,2.301e-05,2.333e-05,2.299e-05,2.327e-05,867837928.0
2026-09-16 03:00:00+00:00,2026-09-16 03:59:59.999000+00:00,2.328e-05,2.345e-05,2.326e-05,2.333e-05,1399665881.0
2026-09-16 04:00:00+00:00,2026-09-16 04:59:59.999000+00:00,2.333e-05,2.349e-05,2.331e-05,2.34e-05,1603956557.0
2026-09-16 05:00:00+00:00,2026-09-16 05:59:59.999000+00:00,2.34e-05,2.34e-05,2.324e-05,2.328e-05,825048572.0
2026-09-16 06:00:00+00:00,2026-09-16 06:59:59.999000+00:00,2.329e-05,2.338e-05,2.324e-05,2.338e-05,631155978.0
2026-09-16 07:00:00+00:00,2026-09-16 07:59:59.999000+00:00,2.338e-05,2.343e-05,2.321e-05,2.323e-05,704865808.0
2026-09-16 08:00:00+00:00,2026-09-16 08:59:59.999000+00:00,2.324e-05,2.324e-05,2.301e-05,2.313e-05,2107627029.0
2026-09-16 09:00:00+00:00,2026-09-16 09:59:59.999000+00:00,2.315e-05,2.323e-05,2.313e-05,2.318e-05,753667357.0
2026-09-16 10:00:00+00:00,2026-09-16 10:59:59.999000+00:00,2.318e-05,2.321e-05,2.313e-05,2.318e-05,785798091.0
2026-09-16 11:00:00+00:00,2026-09-16 11:59:59.999000+00:00,2.319e-05,2.334e-05,2.314e-05,2.325e-05,1150840862.0
2026-09-16 12:00:00+00:00,2026-09-16 12:59:59.999000+00:00,2.325e-05,2.328e-05,2.308e-05,2.314e-05,1432362643.0
2026-09-16 13:00:00+00:00,2026-09-16 13:59:59.999000+00:00,2.315e-05,2.32e-05,2.299e-05,2.305e-05,1354118067.0
2026-09-16 14:00:00+00:00,2026-09-16 14:59:59.999000+00:00,2.306e-05,2.306e-05,2.271e-05,2.282e-05,4396448057.0
2026-09-16 15:00:00+00:00,2026-09-16 15:59:59.999000+00:00,2.283e-05,2.298e-05,2.276e-05,2.282e-05,2732439271.0
2026-09-16 16:00:00+00:00,2026-09-16 16:59:59.999000+00:00,2.282e-05,2.289e-05,2.276e-05,2.284e-05,1136953280.0
2026-09-16 17:00:00+00:00,2026-09-16 17:59:59.999000+00:00,2.283e-05,2.285e-05,2.257e-05,2.275e-05,3900571400.0
2026-09-16 18:00:00+00:00,2026-09-16 18:59:59.999000+00:00,2.275e-05,2.348e-05,2.263e-05,2.301e-05,6932889847.0
2026-09-16 19:00:00+00:00,2026-09-16 19:59:59.999000+00:00,2.302e-05,2.323e-05,2.282e-05,2.311e-05,1604297303.0
2026-09-16 20:00:00+00:00,2026-09-16 20:59:59.999000+00:00,2.312e-05,2.349e-05,2.31e-05,2.345e-05,3158693511.0
2026-09-16 21:00:00+00:00,2026-09-16 21:59:59.999000+00:00,2.346e-05,2.349e-05,2.325e-05,2.336e-05,1142941611.0
2026-09-16 22:00:00+00:00,2026-09-16 22:59:59.999000+00:00,2.334e-05,2.334e-05,2.313e-05,2.317e-05,1116950761.0
2026-09-16 23:00:00+00:00,2026-09-16 23:59:59.999000+00:00,2.319e-05,2.369e-05,2.316e-05,2.366e-05,2330640276.0
2026-09-17 00:00:00+00:00,2026-09-17 00:59:59.999000+00:00,2.366e-05,2.373e-05,2.357e-05,2.357e-05,1249815331.0
2026-09-17 01:00:00+00:00,2026-09-17 01:59:59.999000+00:00,2.358e-05,2.382e-05,2.35e-05,2.372e-05,1939567607.0
2026-09-17 02:00:00+00:00,2026-09-17 02:59:59.999000+00:00,2.373e-05,2.374e-05,2.346e-05,2.358e-05,1926819388.0
2026-09-17 03:00:00+00:00,2026-09-17 03:59:59.999000+00:00,2.359e-05,2.368e-05,2.357e-05,2.366e-05,473652001.0
2026-09-17 04:00:00+00:00,2026-09-17 04:59:59.999000+00:00,2.368e-05,2.372e-05,2.352e-05,2.37e-05,588658707.0
2026-09-17 05:00:00+00:00,2026-09-17 05:59:59.999000+00:00,2.372e-05,2.373e-05,2.364e-05,2.365e-05,581869667.0
2026-09-17 06:00:00+00:00,2026-09-17 06:59:59.999000+00:00,2.364e-05,2.379e-05,2.363e-05,2.376e-05,806428943.0
2026-09-17 07:00:00+00:00,2026-09-17 07:59:59.999000+00:00,2.377e-05,2.391e-05,2.375e-05,2.386e-05,1847793452.0
2026-09-17 08:00:00+00:00,2026-09-17 08:59:59.999000+00:00,2.386e-05,2.406e-05,2.383e-05,2.403e-05,1772255038.0
2026-09-17 09:00:00+00:00,2026-09-17 09:59:59.999000+00:00,2.403e-05,2.423e-05,2.398e-05,2.398e-05,2523744581.0
2026-09-17 10:00:00+00:00,2026-09-17 10:59:59.999000+00:00,2.398e-05,2.398e-05,2.377e-05,2.383e-05,1394562224.0
2026-09-17 11:00:00+00:00,2026-09-17 11:59:59.999000+00:00,2.384e-05,2.392e-05,2.376e-05,2.387e-05,1182701918.0
2026-09-17 12:00:00+00:00,2026-09-17 12:59:59.999000+00:00,2.391e-05,2.408e-05,2.388e-05,2.394e-05,1410422383.0
2026-09-17 13:00:00+00:00,2026-09-17 13:59:59.999000+00:00,2.394e-05,2.401e-05,2.373e-05,2.401e-05,939224849.0
2026-09-17 14:00:00+00:00,2026-09-17 14:59:59.999000+00:00,2.401e-05,2.483e-05,2.39e-05,2.417e-05,20573441298.0
2026-09-17 15:00:00+00:00,2026-09-17 15:59:59.999000+00:00,2.416e-05,2.447e-05,2.407e-05,2.444e-05,2968508883.0
2026-09-17 16:00:00+00:00,2026-09-17 16:59:59.999000+00:00,2.447e-05,2.46e-05,2.425e-05,2.442e-05,3050567739.0
2026-09-17 17:00:00+00:00,2026-09-17 17:59:59.999000+00:00,2.444e-05,2.458e-05,2.436e-05,2.44e-05,1529789006.0
2026-09-17 18:00:00+00:00,2026-09-17 18:59:59.999000+00:00,2.441e-05,2.442e-05,2.423e-05,2.427e-05,1401242694.0
2026-09-17 19:00:00+00:00,2026-09-17 19:59:59.999000+00:00,2.427e-05,2.427e-05,2.408e-05,2.411e-05,835701370.0
2026-09-17 20:00:00+00:00,2026-09-17 20:59:59.999000+00:00,2.411e-05,2.42e-05,2.407e-05,2.411e-05,2589448741.0
2026-09-17 21:00:00+00:00,2026-09-17 21:59:59.999000+00:00,2.41e-05,2.415e-05,2.396e-05,2.397e-05,2178250865.0
2026-09-17 22:00:00+00:00,2026-09-17 22:59:59.999000+00:00,2.397e-05,2.409e-05,2.39e-05,2.407e-05,1429038350.0
2026-09-17 23:00:00+00:00,2026-09-17 23:59:59.999000+00:00,2.407e-05,2.425e-05,2.406e-05,2.422e-05,1261284519.0
2026-09-18 00:00:00+00:00,2026-09-18 00:59:59.999000+00:00,2.423e-05,2.446e-05,2.422e-05,2.446e-05,1322751733.0
2026-09-18 01:00:00+00:00,2026-09-18 01:59:59.999000+00:00,2.448e-05,2.469e-05,2.446e-05,2.466e-05,1553874301.0
2026-09-18 02:00:00+00:00,2026-09-18 02:59:59.999000+00:00,2.466e-05,2.473e-05,2.458e-05,2.467e-05,1490705090.0
2026-09-18 03:00:00+00:00,2026-09-18 03:59:59.999000+00:00,2.468e-05,2.509e-05,2.467e-05,2.498e-05,6501442199.0
2026-09-18 04:00:00+00:00,2026-09-18 04:59:59.999000+00:00,2.498e-05,2.503e-05,2.478e-05,2.491e-05,8516910286.0
2026-09-18 05:00:00+00:00,2026-09-18 05:59:59.999000+00:00,2.491e-05,2.497e-05,2.468e-05,2.469e-05,2131730353.0
2026-09-18 06:00:00+00:00,2026-09-18 06:59:59.999000+00:00,2.468e-05,2.488e-05,2.467e-05,2.488e-05,3991456985.0
2026-09-18 07:00:00+00:00,2026-09-18 07:59:59.999000+00:00,2.488e-05,2.505e-05,2.482e-05,2.494e-05,3962608491.0
2026-09-18 08:00:00+00:00,2026-09-18 08:59:59.999000+00:00,2.495e-05,2.506e-05,2.485e-05,2.501e-05,4981015279.0
2026-09-18 09:00:00+00:00,2026-09-18 09:59:59.999000+00:00,2.501e-05,2.516e-05,2.488e-05,2.511e-05,8477190813.0
2026-09-18 10:00:00+00:00,2026-09-18 10:59:59.999000+00:00,2.51e-05,2.542e-05,2.509e-05,2.51e-05,6438505878.0
2026-09-18 11:00:00+00:00,2026-09-18 11:59:59.999000+00:00,2.511e-05,2.515e-05,2.487e-05,2.502e-05,2797126457.0
2026-09-18 12:00:00+00:00,2026-09-18 12:59:59.999000+00:00,2.502e-05,2.515e-05,2.495e-05,2.509e-05,2448856777.0
2026-09-18 13:00:00+00:00,2026-09-18 13:59:59.999000+00:00,2.509e-05,2.549e-05,2.497e-05,2.539e-05,5570921260.0
2026-09-18 14:00:00+00:00,2026-09-18 14:59:59.999000+00:00,2.54e-05,2.569e-05,2.532e-05,2.562e-05,8118891968.0
2026-09-18 15:00:00+00:00,2026-09-18 15:59:59.999000+00:00,2.564e-05,2.576e-05,2.543e-05,2.573e-05,7647704961.0
2026-09-18 16:00:00+00:00,2026-09-18 16:59:59.999000+00:00,2.574e-05,2.59e-05,2.559e-05,2.563e-05,5873687406.0
2026-09-18 17:00:00+00:00,2026-09-18 17:59:59.999000+00:00,2.562e-05,2.578e-05,2.548e-05,2.564e-05,5172034814.0
2026-09-18 18:00:00+00:00,2026-09-18 18:59:59.999000+00:00,2.563e-05,2.581e-05,2.555e-05,2.578e-05,3537306557.0
2026-09-18 19:00:00+00:00,2026-09-18 19:59:59.999000+00:00,2.577e-05,2.608e-05,2.573e-05,2.592e-05,6774611857.0
2026-09-18 20:00:00+00:00,2026-09-18 20:59:59.999000+00:00,2.592e-05,2.604e-05,2.577e-05,2.595e-05,3514365754.0
2026-09-18 21:00:00+00:00,2026-09-18 21:59:59.999000+00:00,2.596e-05,2.599e-05,2.584e-05,2.592e-05,2370178817.0
2026-09-18 22:00:00+00:00,2026-09-18 22:59:59.999000+00:00,2.592e-05,2.609e-05,2.57e-05,2.578e-05,3065994205.0
2026-09-18 23:00:00+00:00,2026-09-18 23:59:59.999000+00:00,2.58e-05,2.585e-05,2.567e-05,2.57e-05,1522654244.0
2026-09-19 00:00:00+00:00,2026-09-19 00:59:59.999000+00:00,2.571e-05,2.587e-05,2.562e-05,2.567e-05,3315375442.0
2026-09-19 01:00:00+00:00,2026-09-19 01:59:59.999000+00:00,2.564e-05,2.57e-05,2.525e-05,2.562e-05,4106536389.0
2026-09-19 02:00:00+00:00,2026-09-19 02:59:59.999000+00:00,2.562e-05,2.606e-05,2.562e-05,2.59e-05,3505500135.0
2026-09-19 03:00:00+00:00,2026-09-19 03:59:59.999000+00:00,2.59e-05,2.599e-05,2.568e-05,2.585e-05,2081529831.0
2026-09-19 04:00:00+00:00,2026-09-19 04:59:59.999000+00:00,2.584e-05,2.6e-05,2.549e-05,2.562e-05,2568626877.0
2026-09-19 05:00:00+00:00,2026-09-19 05:59:59.999000+00:00,2.562e-05,2.57e-05,2.544e-05,2.55e-05,3280463742.0
2026-09-19 06:00:00+00:00,2026-09-19 06:59:59.999000+00:00,2.551e-05,2.562e-05,2.535e-05,2.547e-05,3602459292.0
2026-09-19 07:00:00+00:00,2026-09-19 07:59:59.999000+00:00,2.547e-05,2.556e-05,2.534e-05,2.539e-05,2176000771.0
2026-09-19 08:00:00+00:00,2026-09-19 08:59:59.999000+00:00,2.54e-05,2.59e-05,2.54e-05,2.59e-05,3399801452.0
2026-09-19 09:00:00+00:00,2026-09-19 09:59:59.999000+00:00,2.59e-05,2.598e-05,2.574e-05,2.592e-05,2404199682.0
2026-09-19 10:00:00+00:00,2026-09-19 10:59:59.999000+00:00,2.592e-05,2.612e-05,2.582e-05,2.597e-05,2968001946.0
2026-09-19 11:00:00+00:00,2026-09-19 11:59:59.999000+00:00,2.597e-05,2.622e-05,2.597e-05,2.621e-05,3543379737.0
2026-09-19 12:00:00+00:00,2026-09-19 12:59:59.999000+00:00,2.622e-05,2.622e-05,2.602e-05,2.612e-05,3066184052.0
2026-09-19 13:00:00+00:00,2026-09-19 13:59:59.999000+00:00,2.614e-05,2.631e-05,2.589e-05,2.595e-05,3584530139.0
2026-09-19 14:00:00+00:00,2026-09-19 14:59:59.999000+00:00,2.596e-05,2.611e-05,2.59e-05,2.594e-05,3086606443.0
2026-09-19 15:00:00+00:00,2026-09-19 15:59:59.999000+00:00,2.595e-05,2.606e-05,2.586e-05,2.605e-05,2915251525.0
2026-09-19 16:00:00+00:00,2026-09-19 16:59:59.999000+00:00,2.604e-05,2.666e-05,2.591e-05,2.652e-05,7377345680.0
2026-09-19 17:00:00+00:00,2026-09-19 17:59:59.999000+00:00,2.651e-05,2.696e-05,2.64e-05,2.644e-05,10389450575.0
2026-09-19 18:00:00+00:00,2026-09-19 18:59:59.999000+00:00,2.643e-05,2.689e-05,2.641e-05,2.688e-05,8657120119.0
2026-09-19 19:00:00+00:00,2026-09-19 19:59:59.999000+00:00,2.688e-05,2.7e-05,2.658e-05,2.663e-05,4878177034.0
2026-09-19 20:00:00+00:00,2026-09-19 20:59:59.999000+00:00,2.661e-05,2.669e-05,2.639e-05,2.643e-05,4587620763.0
2026-09-19 21:00:00+00:00,2026-09-19 21:59:59.999000+00:00,2.644e-05,2.652e-05,2.584e-05,2.608e-05,6620269930.0
2026-09-19 22:00:00+00:00,2026-09-19 22:59:59.999000+00:00,2.609e-05,2.615e-05,2.58e-05,2.615e-05,4319710159.0
2026-09-19 23:00:00+00:00,2026-09-19 23:59:59.999000+00:00,2.616e-05,2.625e-05,2.609e-05,2.622e-05,931291090.0
2026-09-20 00:00:00+00:00,2026-09-20 00:59:59.999000+00:00,2.622e-05,2.645e-05,2.614e-05,2.634e-05,2424701460.0
2026-09-20 01:00:00+00:00,2026-09-20 01:59:59.999000+00:00,2.634e-05,2.634e-05,2.588e-05,2.608e-05,2496449571.0
2026-09-20 02:00:00+00:00,2026-09-20 02:59:59.999000+00:00,2.609e-05,2.631e-05,2.524e-05,2.53e-05,5936115248.0
2026-09-20 03:00:00+00:00,2026-09-20 03:59:59.999000+00:00,2.53e-05,2.55e-05,2.512e-05,2.537e-05,6435383175.0
2026-09-20 04:00:00+00:00,2026-09-20 04:59:59.999000+00:00,2.538e-05,2.544e-05,2.519e-05,2.538e-05,2050374129.0
2026-09-20 05:00:00+00:00,2026-09-20 05:59:59.999000+00:00,2.537e-05,2.551e-05,2.532e-05,2.544e-05,1507605142.0
2026-09-20 06:00:00+00:00,2026-09-20 06:59:59.999000+00:00,2.545e-05,2.551e-05,2.524e-05,2.54e-05,2085131029.0
2026-09-20 07:00:00+00:00,2026-09-20 07:59:59.999000+00:00,2.537e-05,2.543e-05,2.525e-05,2.531e-05,3194054054.0
2026-09-20 08:00:00+00:00,2026-09-20 08:59:59.999000+00:00,2.533e-05,2.55e-05,2.516e-05,2.521e-05,3539184128.0
2026-09-20 09:00:00+00:00,2026-09-20 09:59:59.999000+00:00,2.52e-05,2.548e-05,2.519e-05,2.533e-05,1779154289.0
2026-09-20 10:00:00+00:00,2026-09-20 10:59:59.999000+00:00,2.534e-05,2.535e-05,2.508e-05,2.513e-05,2805647594.0
2026-09-20 11:00:00+00:00,2026-09-20 11:59:59.999000+00:00,2.515e-05,2.532e-05,2.507e-05,2.523e-05,1503626916.0
2026-09-20 12:00:00+00:00,2026-09-20 12:59:59.999000+00:00,2.523e-05,2.536e-05,2.512e-05,2.529e-05,1523908392.0
2026-09-20 13:00:00+00:00,2026-09-20 13:59:59.999000+00:00,2.529e-05,2.532e-05,2.506e-05,2.512e-05,1254833221.0
2026-09-20 14:00:00+00:00,2026-09-20 14:59:59.999000+00:00,2.511e-05,2.53e-05,2.507e-05,2.511e-05,1408965052.0
2026-09-20 15:00:00+00:00,2026-09-20 15:59:59.999000+00:00,2.516e-05,2.575e-05,2.516e-05,2.568e-05,3873829255.0
2026-09-20 16:00:00+00:00,2026-09-20 16:59:59.999000+00:00,2.568e-05,2.613e-05,2.558e-05,2.595e-05,5029559946.0
2026-09-20 17:00:00+00:00,2026-09-20 17:59:59.999000+00:00,2.596e-05,2.606e-05,2.57e-05,2.588e-05,4658050475.0
2026-09-20 18:00:00+00:00,2026-09-20 18:59:59.999000+00:00,2.589e-05,2.602e-05,2.569e-05,2.575e-05,1822897130.0
2026-09-20 19:00:00+00:00,2026-09-20 19:59:59.999000+00:00,2.575e-05,2.598e-05,2.575e-05,2.587e-05,1147267827.0
2026-09-20 20:00:00+00:00,2026-09-20 20:59:59.999000+00:00,2.589e-05,2.599e-05,2.583e-05,2.588e-05,1681977274.0
2026-09-20 21:00:00+00:00,2026-09-20 21:59:59.999000+00:00,2.589e-05,2.589e-05,2.551e-05,2.582e-05,3779980230.0
2026-09-20 22:00:00+00:00,2026-09-20 22:59:59.999000+00:00,2.584e-05,2.598e-05,2.572e-05,2.587e-05,2109117905.0
2026-09-20 23:00:00+00:00,2026-09-20 23:59:59.999000+00:00,2.585e-05,2.59e-05,2.574e-05,2.578e-05,1713323549.0
2026-09-21 00:00:00+00:00,2026-09-21 00:59:59.999000+00:00,2.576e-05,2.63e-05,2.574e-05,2.616e-05,6543819796.0
2026-09-21 01:00:00+00:00,2026-09-21 01:59:59.999000+00:00,2.614e-05,2.643e-05,2.562e-05,2.572e-05,4973829037.0
2026-09-21 02:00:00+00:00,2026-09-21 02:59:59.999000+00:00,2.575e-05,2.605e-05,2.567e-05,2.597e-05,2334235851.0
2026-09-21 03:00:00+00:00,2026-09-21 03:59:59.999000+00:00,2.597e-05,2.621e-05,2.597e-05,2.617e-05,1828550057.0
2026-09-21 04:00:00+00:00,2026-09-21 04:59:59.999000+00:00,2.618e-05,2.625e-05,2.596e-05,2.607e-05,3195920976.0
2026-09-21 05:00:00+00:00,2026-09-21 05:59:59.999000+00:00,2.608e-05,2.628e-05,2.593e-05,2.611e-05,3047541566.0
2026-09-21 06:00:00+00:00,2026-09-21 06:59:59.999000+00:00,2.61e-05,2.652e-05,2.6e-05,2.636e-05,4367927921.0
2026-09-21 07:00:00+00:00,2026-09-21 07:59:59.999000+00:00,2.635e-05,2.642e-05,2.61e-05,2.63e-05,3231077197.0
2026-09-21 08:00:00+00:00,2026-09-21 08:59:59.999000+00:00,2.63e-05,2.72e-05,2.63e-05,2.717e-05,12308030319.0
2026-09-21 09:00:00+00:00,2026-09-21 09:59:59.999000+00:00,2.716e-05,2.762e-05,2.685e-05,2.685e-05,12230844715.0
2026-09-21 10:00:00+00:00,2026-09-21 10:59:59.999000+00:00,2.686e-05,2.716e-05,2.676e-05,2.715e-05,6829479091.0
2026-09-21 11:00:00+00:00,2026-09-21 11:59:59.999000+00:00,2.714e-05,2.759e-05,2.712e-05,2.728e-05,10035841869.0
2026-09-21 12:00:00+00:00,2026-09-21 12:59:59.999000+00:00,2.728e-05,2.777e-05,2.723e-05,2.77e-05,9554461871.0
2026-09-21 13:00:00+00:00,2026-09-21 13:59:59.999000+00:00,2.771e-05,2.78e-05,2.716e-05,2.754e-05,9787618074.0
2026-09-21 14:00:00+00:00,2026-09-21 14:59:59.999000+00:00,2.756e-05,2.884e-05,2.712e-05,2.88e-05,26138122440.0
2026-09-21 15:00:00+00:00,2026-09-21 15:59:59.999000+00:00,2.88e-05,3.004e-05,2.84e-05,2.994e-05,56867986049.0
2026-09-21 16:00:00+00:00,2026-09-21 16:59:59.999000+00:00,2.995e-05,3.008e-05,2.84e-05,2.891e-05,29391504742.0
2026-09-21 17:00:00+00:00,2026-09-21 17:59:59.999000+00:00,2.892e-05,2.933e-05,2.817e-05,2.837e-05,15172597898.0
2026-09-21 18:00:00+00:00,2026-09-21 18:59:59.999000+00:00,2.838e-05,2.907e-05,2.822e-05,2.879e-05,10862238739.0
2026-09-21 19:00:00+00:00,2026-09-21 19:59:59.999000+00:00,2.88e-05,2.884e-05,2.843e-05,2.867e-05,7812266049.0
2026-09-21 20:00:00+00:00,2026-09-21 20:59:59.999000+00:00,2.869e-05,2.923e-05,2.853e-05,2.882e-05,14865069911.0
2026-09-21 21:00:00+00:00,2026-09-21 21:59:59.999000+00:00,2.88e-05,2.902e-05,2.851e-05,2.869e-05,6312366777.0
2026-09-21 22:00:00+00:00,2026-09-21 22:59:59.999000+00:00,2.875e-05,2.92e-05,2.874e-05,2.895e-05,7393350184.0
2026-09-21 23:00:00+00:00,2026-09-21 23:59:59.999000+00:00,2.894e-05,2.938e-05,2.875e-05,2.903e-05,5174238682.0
2026-09-22 00:00:00+00:00,2026-09-22 00:59:59.999000+00:00,2.9e-05,2.956e-05,2.889e-05,2.92e-05,8869199599.0
2026-09-22 01:00:00+00:00,2026-09-22 01:59:59.999000+00:00,2.919e-05,2.924e-05,2.856e-05,2.893e-05,11216195485.0
2026-09-22 02:00:00+00:00,2026-09-22 02:59:59.999000+00:00,2.892e-05,2.913e-05,2.86e-05,2.871e-05,4296605044.0
2026-09-22 03:00:00+00:00,2026-09-22 03:59:59.999000+00:00,2.871e-05,2.961e-05,2.847e-05,2.954e-05,15135769210.0
2026-09-22 04:00:00+00:00,2026-09-22 04:59:59.999000+00:00,2.953e-05,3.026e-05,2.895e-05,2.896e-05,19993070194.0
2026-09-22 05:00:00+00:00,2026-09-22 05:59:59.999000+00:00,2.901e-05,2.967e-05,2.861e-05,2.963e-05,9916059213.0
2026-09-22 06:00:00+00:00,2026-09-22 06:59:59.999000+00:00,2.965e-05,3.039e-05,2.919e-05,3.018e-05,14375151124.0
2026-09-22 07:00:00+00:00,2026-09-22 07:59:59.999000+00:00,3.017e-05,3.046e-05,2.971e-05,2.986e-05,19190539052.0
2026-09-22 08:00:00+00:00,2026-09-22 08:59:59.999000+00:00,2.983e-05,3.019e-05,2.958e-05,3.008e-05,10889839640.0
2026-09-22 09:00:00+00:00,2026-09-22 09:59:59.999000+00:00,3.008e-05,3.017e-05,2.937e-05,2.953e-05,9228205850.0
2026-09-22 10:00:00+00:00,2026-09-22 10:59:59.999000+00:00,2.95e-05,2.963e-05,2.913e-05,2.916e-05,5787121972.0
2026-09-22 11:00:00+00:00,2026-09-22 11:59:59.999000+00:00,2.916e-05,2.943e-05,2.896e-05,2.92e-05,7508311952.0
2026-09-22 12:00:00+00:00,2026-09-22 12:59:59.999000+00:00,2.92e-05,3.004e-05,2.906e-05,3.003e-05,7726393871.0
2026-09-22 13:00:00+00:00,2026-09-22 13:59:59.999000+00:00,3.003e-05,3.028e-05,2.941e-05,2.985e-05,19524530059.0
2026-09-22 14:00:00+00:00,2026-09-22 14:59:59.999000+00:00,2.983e-05,3.007e-05,2.919e-05,2.971e-05,9306537707.0
2026-09-22 15:00:00+00:00,2026-09-22 15:59:59.999000+00:00,2.974e-05,2.985e-05,2.951e-05,2.968e-05,8329299244.0
2026-09-22 16:00:00+00:00,2026-09-22 16:59:59.999000+00:00,2.971e-05,2.996e-05,2.937e-05,2.981e-05,5281745222.0
2026-09-22 17:00:00+00:00,2026-09-22 17:59:59.999000+00:00,2.981e-05,3.005e-05,2.973e-05,2.998e-05,5886592176.0
2026-09-22 18:00:00+00:00,2026-09-22 18:59:59.999000+00:00,2.998e-05,3.017e-05,2.958e-05,2.988e-05,8953158390.0
2026-09-22 19:00:00+00:00,2026-09-22 19:59:59.999000+00:00,2.989e-05,3.014e-05,2.972e-05,2.99e-05,5406048730.0
2026-09-22 20:00:00+00:00,2026-09-22 20:59:59.999000+00:00,2.991e-05,3.001e-05,2.968e-05,2.977e-05,4447850557.0
2026-09-22 21:00:00+00:00,2026-09-22 21:59:59.999000+00:00,2.978e-05,3.04e-05,2.972e-05,2.993e-05,9435968701.0
2026-09-22 22:00:00+00:00,2026-09-22 22:59:59.999000+00:00,2.993e-05,3.018e-05,2.958e-05,2.995e-05,6336472409.0
2026-09-22 23:00:00+00:00,2026-09-22 23:59:59.999000+00:00,2.999e-05,3.057e-05,2.997e-05,3.032e-05,8926022576.0
2026-09-23 00:00:00+00:00,2026-09-23 00:59:59.999000+00:00,3.032e-05,3.079e-05,3.017e-05,3.027e-05,10501001562.0
2026-09-23 01:00:00+00:00,2026-09-23 01:59:59.999000+00:00,3.023e-05,3.064e-05,2.983e-05,3.001e-05,7843648343.0
2026-09-23 02:00:00+00:00,2026-09-23 02:59:59.999000+00:00,2.999e-05,3.063e-05,2.985e-05,3.06e-05,5393296456.0
2026-09-23 03:00:00+00:00,2026-09-23 03:59:59.999000+00:00,3.062e-05,3.086e-05,3.033e-05,3.049e-05,9727088993.0
2026-09-23 04:00:00+00:00,2026-09-23 04:59:59.999000+00:00,3.049e-05,3.092e-05,3.035e-05,3.074e-05,6059008208.0
2026-09-23 05:00:00+00:00,2026-09-23 05:59:59.999000+00:00,3.076e-05,3.079e-05,2.998e-05,3.014e-05,6439079184.0
2026-09-23 06:00:00+00:00,2026-09-23 06:59:59.999000+00:00,3.016e-05,3.074e-05,3e-05,3.071e-05,5192005367.0
2026-09-23 07:00:00+00:00,2026-09-23 07:59:59.999000+00:00,3.07e-05,3.089e-05,3.036e-05,3.045e-05,8483848143.0
2026-09-23 08:00:00+00:00,2026-09-23 08:59:59.999000+00:00,3.044e-05,3.091e-05,3.005e-05,3.028e-05,10447373330.0
2026-09-23 09:00:00+00:00,2026-09-23 09:59:59.999000+00:00,3.027e-05,3.061e-05,3.005e-05,3.01e-05,8212797835.0
2026-09-23 10:00:00+00:00,2026-09-23 10:59:59.999000+00:00,3.011e-05,3.017e-05,2.952e-05,2.998e-05,15835933860.0
2026-09-23 11:00:00+00:00,2026-09-23 11:59:59.999000+00:00,2.999e-05,2.999e-05,2.926e-05,2.946e-05,8239834370.0
2026-09-23 12:00:00+00:00,2026-09-23 12:59:59.999000+00:00,2.945e-05,2.956e-05,2.918e-05,2.932e-05,5136877072.0
2026-09-23 13:00:00+00:00,2026-09-23 13:59:59.999000+00:00,2.933e-05,2.935e-05,2.882e-05,2.894e-05,8917890120.0
2026-09-23 14:00:00+00:00,2026-09-23 14:59:59.999000+00:00,2.894e-05,2.916e-05,2.712e-05,2.782e-05,55204114668.0
2026-09-23 15:00:00+00:00,2026-09-23 15:59:59.999000+00:00,2.781e-05,2.799e-05,2.718e-05,2.723e-05,11764590843.0
2026-09-23 16:00:00+00:00,2026-09-23 16:59:59.999000+00:00,2.724e-05,2.754e-05,2.68e-05,2.736e-05,9381524664.0
2026-09-23 17:00:00+00:00,2026-09-23 17:59:59.999000+00:00,2.736e-05,2.747e-05,2.7e-05,2.733e-05,7000478080.0
2026-09-23 18:00:00+00:00,2026-09-23 18:59:59.999000+00:00,2.735e-05,2.735e-05,2.703e-05,2.711e-05,5425340226.0
2026-09-23 19:00:00+00:00,2026-09-23 19:59:59.999000+00:00,2.709e-05,2.732e-05,2.695e-05,2.718e-05,7674952839.0
2026-09-23 20:00:00+00:00,2026-09-23 20:59:59.999000+00:00,2.718e-05,2.731e-05,2.706e-05,2.713e-05,3653528649.0
2026-09-23 21:00:00+00:00,2026-09-23 21:59:59.999000+00:00,2.713e-05,2.741e-05,2.704e-05,2.731e-05,3440943043.0
2026-09-23 22:00:00+00:00,2026-09-23 22:59:59.999000+00:00,2.732e-05,2.758e-05,2.716e-05,2.716e-05,3344852723.0
2026-09-23 23:00:00+00:00,2026-09-23 23:59:59.999000+00:00,2.716e-05,2.726e-05,2.71e-05,2.724e-05,2513584452.0
2026-09-24 00:00:00+00:00,2026-09-24 00:59:59.999000+00:00,2.726e-05,2.753e-05,2.706e-05,2.716e-05,4279768548.0
2026-09-24 01:00:00+00:00,2026-09-24 01:59:59.999000+00:00,2.716e-05,2.728e-05,2.703e-05,2.707e-05,1790316977.0
2026-09-24 02:00:00+00:00,2026-09-24 02:59:59.999000+00:00,2.707e-05,2.759e-05,2.687e-05,2.743e-05,4757322281.0
2026-09-24 03:00:00+00:00,2026-09-24 03:59:59.999000+00:00,2.746e-05,2.756e-05,2.7e-05,2.706e-05,3961380135.0
2026-09-24 04:00:00+00:00,2026-09-24 04:59:59.999000+00:00,2.706e-05,2.755e-05,2.696e-05,2.754e-05,3479440716.0
2026-09-24 05:00:00+00:00,2026-09-24 05:59:59.999000+00:00,2.752e-05,2.781e-05,2.752e-05,2.761e-05,5585563444.0
2026-09-24 06:00:00+00:00,2026-09-24 06:59:59.999000+00:00,2.759e-05,2.796e-05,2.755e-05,2.779e-05,3897690854.0
2026-09-24 07:00:00+00:00,2026-09-24 07:59:59.999000+00:00,2.778e-05,2.81e-05,2.761e-05,2.799e-05,2969403656.0
2026-09-24 08:00:00+00:00,2026-09-24 08:59:59.999000+00:00,2.798e-05,2.801e-05,2.711e-05,2.73e-05,5176610869.0
2026-09-24 09:00:00+00:00,2026-09-24 09:59:59.999000+00:00,2.731e-05,2.739e-05,2.674e-05,2.696e-05,7596167338.0
2026-09-24 10:00:00+00:00,2026-09-24 10:59:59.999000+00:00,2.696e-05,2.727e-05,2.69e-05,2.721e-05,3258387660.0
2026-09-24 11:00:00+00:00,2026-09-24 11:59:59.999000+00:00,2.724e-05,2.733e-05,2.706e-05,2.719e-05,2496553123.0
2026-09-24 12:00:00+00:00,2026-09-24 12:59:59.999000+00:00,2.719e-05,2.752e-05,2.711e-05,2.742e-05,3586405196.0
2026-09-24 13:00:00+00:00,2026-09-24 13:59:59.999000+00:00,2.745e-05,2.805e-05,2.745e-05,2.792e-05,4568379883.0
2026-09-24 14:00:00+00:00,2026-09-24 14:59:59.999000+00:00,2.792e-05,2.896e-05,2.778e-05,2.81e-05,21055851992.0
2026-09-24 15:00:00+00:00,2026-09-24 15:59:59.999000+00:00,2.81e-05,2.866e-05,2.801e-05,2.859e-05,6557722402.0
2026-09-24 16:00:00+00:00,2026-09-24 16:59:59.999000+00:00,2.858e-05,2.894e-05,2.821e-05,2.87e-05,7369793805.0
2026-09-24 17:00:00+00:00,2026-09-24 17:59:59.999000+00:00,2.867e-05,2.874e-05,2.828e-05,2.839e-05,4295028584.0
2026-09-24 18:00:00+00:00,2026-09-24 18:59:59.999000+00:00,2.839e-05,2.867e-05,2.815e-05,2.86e-05,3776864151.0
2026-09-24 19:00:00+00:00,2026-09-24 19:59:59.999000+00:00,2.862e-05,2.875e-05,2.846e-05,2.854e-05,3413906895.0
2026-09-24 20:00:00+00:00,2026-09-24 20:59:59.999000+00:00,2.853e-05,2.859e-05,2.838e-05,2.848e-05,2241317755.0
2026-09-24 21:00:00+00:00,2026-09-24 21:59:59.999000+00:00,2.85e-05,2.878e-05,2.845e-05,2.852e-05,3377579126.0
2026-09-24 22:00:00+00:00,2026-09-24 22:59:59.999000+00:00,2.853e-05,2.857e-05,2.827e-05,2.835e-05,3165021421.0
2026-09-24 23:00:00+00:00,2026-09-24 23:59:59.999000+00:00,2.833e-05,2.848e-05,2.831e-05,2.838e-05,1220104650.0
2026-09-25 00:00:00+00:00,2026-09-25 00:59:59.999000+00:00,2.84e-05,2.866e-05,2.839e-05,2.854e-05,1770621800.0
2026-09-25 01:00:00+00:00,2026-09-25 01:59:59.999000+00:00,2.855e-05,2.87e-05,2.824e-05,2.833e-05,2594276370.0
2026-09-25 02:00:00+00:00,2026-09-25 02:59:59.999000+00:00,2.834e-05,2.851e-05,2.789e-05,2.799e-05,4780860541.0
2026-09-25 03:00:00+00:00,2026-09-25 03:59:59.999000+00:00,2.8e-05,2.819e-05,2.794e-05,2.818e-05,3290887216.0
2026-09-25 04:00:00+00:00,2026-09-25 04:59:59.999000+00:00,2.814e-05,2.83e-05,2.803e-05,2.818e-05,1728744962.0
2026-09-25 05:00:00+00:00,2026-09-25 05:59:59.999000+00:00,2.818e-05,2.82e-05,2.803e-05,2.813e-05,1372151775.0
2026-09-25 06:00:00+00:00,2026-09-25 06:59:59.999000+00:00,2.813e-05,2.834e-05,2.8e-05,2.812e-05,2477941546.0
2026-09-25 07:00:00+00:00,2026-09-25 07:59:59.999000+00:00,2.813e-05,2.827e-05,2.799e-05,2.822e-05,1925118679.0
2026-09-25 08:00:00+00:00,2026-09-25 08:59:59.999000+00:00,2.823e-05,2.858e-05,2.817e-05,2.852e-05,2922127148.0
2026-09-25 09:00:00+00:00,2026-09-25 09:59:59.999000+00:00,2.854e-05,2.866e-05,2.847e-05,2.849e-05,2756340967.0
2026-09-25 10:00:00+00:00,2026-09-25 10:59:59.999000+00:00,2.851e-05,2.858e-05,2.832e-05,2.851e-05,2718145943.0
2026-09-25 11:00:00+00:00,2026-09-25 11:59:59.999000+00:00,2.854e-05,2.901e-05,2.851e-05,2.885e-05,6253779997.0
2026-09-25 12:00:00+00:00,2026-09-25 12:59:59.999000+00:00,2.887e-05,2.897e-05,2.827e-05,2.883e-05,6252959937.0
2026-09-25 13:00:00+00:00,2026-09-25 13:59:59.999000+00:00,2.883e-05,2.894e-05,2.822e-05,2.837e-05,5880418764.0
2026-09-25 14:00:00+00:00,2026-09-25 14:59:59.999000+00:00,2.839e-05,2.854e-05,2.783e-05,2.854e-05,9307073567.0
2026-09-25 15:00:00+00:00,2026-09-25 15:59:59.999000+00:00,2.853e-05,2.861e-05,2.814e-05,2.844e-05,7208347956.0
2026-09-25 16:00:00+00:00,2026-09-25 16:59:59.999000+00:00,2.845e-05,2.868e-05,2.841e-05,2.842e-05,6103148635.0
2026-09-25 17:00:00+00:00,2026-09-25 17:59:59.999000+00:00,2.843e-05,2.866e-05,2.824e-05,2.851e-05,4189875494.0
2026-09-25 18:00:00+00:00,2026-09-25 18:59:59.999000+00:00,2.852e-05,2.874e-05,2.848e-05,2.862e-05,4223378168.0
2026-09-25 19:00:00+00:00,2026-09-25 19:59:59.999000+00:00,2.864e-05,2.869e-05,2.851e-05,2.861e-05,2972148595.0
2026-09-25 20:00:00+00:00,2026-09-25 20:59:59.999000+00:00,2.862e-05,2.882e-05,2.86e-05,2.864e-05,2858289004.0
2026-09-25 21:00:00+00:00,2026-09-25 21:59:59.999000+00:00,2.863e-05,2.866e-05,2.833e-05,2.837e-05,2831146351.0
2026-09-25 22:00:00+00:00,2026-09-25 22:59:59.999000+00:00,2.837e-05,2.879e-05,2.832e-05,2.877e-05,1743318285.0
2026-09-25 23:00:00+00:00,2026-09-25 23:59:59.999000+00:00,2.877e-05,2.888e-05,2.872e-05,2.881e-05,1403648280.0
2026-09-26 00:00:00+00:00,2026-09-26 00:59:59.999000+00:00,2.882e-05,2.894e-05,2.849e-05,2.858e-05,4272820441.0
2026-09-26 01:00:00+00:00,2026-09-26 01:59:59.999000+00:00,2.861e-05,2.89e-05,2.858e-05,2.865e-05,2077387000.0
2026-09-26 02:00:00+00:00,2026-09-26 02:59:59.999000+00:00,2.866e-05,2.877e-05,2.849e-05,2.855e-05,1672836782.0
2026-09-26 03:00:00+00:00,2026-09-26 03:59:59.999000+00:00,2.855e-05,2.856e-05,2.841e-05,2.848e-05,1116581469.0
2026-09-26 04:00:00+00:00,2026-09-26 04:59:59.999000+00:00,2.848e-05,2.875e-05,2.846e-05,2.864e-05,1947483129.0
2026-09-26 05:00:00+00:00,2026-09-26 05:59:59.999000+00:00,2.865e-05,2.868e-05,2.854e-05,2.856e-05,1475098420.0
2026-09-26 06:00:00+00:00,2026-09-26 06:59:59.999000+00:00,2.855e-05,2.861e-05,2.846e-05,2.856e-05,1464104599.0
2026-09-26 07:00:00+00:00,2026-09-26 07:59:59.999000+00:00,2.857e-05,2.869e-05,2.856e-05,2.859e-05,1511558784.0
2026-09-26 08:00:00+00:00,2026-09-26 08:59:59.999000+00:00,2.858e-05,2.862e-05,2.843e-05,2.85e-05,921187012.0
2026-09-26 09:00:00+00:00,2026-09-26 09:59:59.999000+00:00,2.85e-05,2.852e-05,2.824e-05,2.846e-05,1501303779.0
2026-09-26 10:00:00+00:00,2026-09-26 10:59:59.999000+00:00,2.847e-05,2.878e-05,2.847e-05,2.877e-05,1701251131.0
2026-09-26 11:00:00+00:00,2026-09-26 11:59:59.999000+00:00,2.877e-05,2.897e-05,2.873e-05,2.886e-05,3354515665.0
2026-09-26 12:00:00+00:00,2026-09-26 12:59:59.999000+00:00,2.885e-05,2.89e-05,2.861e-05,2.874e-05,1180792760.0
2026-09-26 13:00:00+00:00,2026-09-26 13:59:59.999000+00:00,2.874e-05,2.886e-05,2.854e-05,2.868e-05,1849205911.0
2026-09-26 14:00:00+00:00,2026-09-26 14:59:59.999000+00:00,2.867e-05,2.901e-05,2.861e-05,2.897e-05,3275303172.0
2026-09-26 15:00:00+00:00,2026-09-26 15:59:59.999000+00:00,2.897e-05,2.935e-05,2.895e-05,2.931e-05,5508010881.0
2026-09-26 16:00:00+00:00,2026-09-26 16:59:59.999000+00:00,2.932e-05,2.977e-05,2.929e-05,2.953e-05,6659516164.0
2026-09-26 17:00:00+00:00,2026-09-26 17:59:59.999000+00:00,2.953e-05,2.955e-05,2.91e-05,2.925e-05,3631746100.0
2026-09-26 18:00:00+00:00,2026-09-26 18:59:59.999000+00:00,2.926e-05,2.929e-05,2.895e-05,2.895e-05,3438102187.0
2026-09-26 19:00:00+00:00,2026-09-26 19:59:59.999000+00:00,2.895e-05,2.904e-05,2.882e-05,2.885e-05,1983712468.0
2026-09-26 20:00:00+00:00,2026-09-26 20:59:59.999000+00:00,2.885e-05,2.89e-05,2.831e-05,2.854e-05,6339952624.0
2026-09-26 21:00:00+00:00,2026-09-26 21:59:59.999000+00:00,2.852e-05,2.888e-05,2.852e-05,2.879e-05,1751770440.0
2026-09-26 22:00:00+00:00,2026-09-26 22:59:59.999000+00:00,2.878e-05,2.892e-05,2.872e-05,2.886e-05,2400282397.0
2026-09-26 23:00:00+00:00,2026-09-26 23:59:59.999000+00:00,2.886e-05,2.904e-05,2.886e-05,2.899e-05,1680950054.0
2026-09-27 00:00:00+00:00,2026-09-27 00:59:59.999000+00:00,2.898e-05,2.898e-05,2.863e-05,2.87e-05,1349263655.0
2026-09-27 01:00:00+00:00,2026-09-27 01:59:59.999000+00:00,2.87e-05,2.893e-05,2.865e-05,2.887e-05,1453062278.0
2026-09-27 02:00:00+00:00,2026-09-27 02:59:59.999000+00:00,2.887e-05,2.894e-05,2.872e-05,2.872e-05,998012772.0
2026-09-27 03:00:00+00:00,2026-09-27 03:59:59.999000+00:00,2.874e-05,2.883e-05,2.868e-05,2.87e-05,1178082951.0
2026-09-27 04:00:00+00:00,2026-09-27 04:59:59.999000+00:00,2.87e-05,2.87e-05,2.836e-05,2.844e-05,3872284588.0
2026-09-27 05:00:00+00:00,2026-09-27 05:59:59.999000+00:00,2.842e-05,2.886e-05,2.841e-05,2.878e-05,2326413951.0
2026-09-27 06:00:00+00:00,2026-09-27 06:59:59.999000+00:00,2.876e-05,2.895e-05,2.876e-05,2.888e-05,1723481615.0
2026-09-27 07:00:00+00:00,2026-09-27 07:59:59.999000+00:00,2.888e-05,2.926e-05,2.886e-05,2.921e-05,3837796738.0
2026-09-27 08:00:00+00:00,2026-09-27 08:59:59.999000+00:00,2.923e-05,2.929e-05,2.903e-05,2.92e-05,5196946275.0
2026-09-27 09:00:00+00:00,2026-09-27 09:59:59.999000+00:00,2.92e-05,2.921e-05,2.894e-05,2.9e-05,3231004122.0
2026-09-27 10:00:00+00:00,2026-09-27 10:59:59.999000+00:00,2.901e-05,2.96e-05,2.884e-05,2.889e-05,11668687448.0
2026-09-27 11:00:00+00:00,2026-09-27 11:59:59.999000+00:00,2.89e-05,2.897e-05,2.877e-05,2.879e-05,5365680284.0
2026-09-27 12:00:00+00:00,2026-09-27 12:59:59.999000+00:00,2.877e-05,2.908e-05,2.877e-05,2.877e-05,4281388856.0
2026-09-27 13:00:00+00:00,2026-09-27 13:59:59.999000+00:00,2.877e-05,2.883e-05,2.839e-05,2.869e-05,6532280986.0
2026-09-27 14:00:00+00:00,2026-09-27 14:59:59.999000+00:00,2.869e-05,2.871e-05,2.837e-05,2.852e-05,3398303640.0
2026-09-27 15:00:00+00:00,2026-09-27 15:59:59.999000+00:00,2.852e-05,2.856e-05,2.833e-05,2.847e-05,1727374890.0
2026-09-27 16:00:00+00:00,2026-09-27 16:59:59.999000+00:00,2.847e-05,2.863e-05,2.843e-05,2.847e-05,1891000262.0
2026-09-27 17:00:00+00:00,2026-09-27 17:59:59.999000+00:00,2.848e-05,2.86e-05,2.847e-05,2.858e-05,930544248.0
2026-09-27 18:00:00+00:00,2026-09-27 18:59:59.999000+00:00,2.859e-05,2.878e-05,2.853e-05,2.874e-05,3783456408.0
2026-09-27 19:00:00+00:00,2026-09-27 19:59:59.999000+00:00,2.876e-05,2.876e-05,2.858e-05,2.861e-05,1689674520.0
2026-09-27 20:00:00+00:00,2026-09-27 20:59:59.999000+00:00,2.863e-05,2.878e-05,2.847e-05,2.85e-05,3006492932.0
2026-09-27 21:00:00+00:00,2026-09-27 21:59:59.999000+00:00,2.85e-05,2.868e-05,2.845e-05,2.861e-05,1377764620.0
2026-09-27 22:00:00+00:00,2026-09-27 22:59:59.999000+00:00,2.862e-05,2.867e-05,2.811e-05,2.823e-05,5695705807.0
2026-09-27 23:00:00+00:00,2026-09-27 23:59:59.999000+00:00,2.824e-05,2.866e-05,2.819e-05,2.857e-05,3378255275.0
2026-09-28 00:00:00+00:00,2026-09-28 00:59:59.999000+00:00,2.859e-05,2.902e-05,2.852e-05,2.863e-05,6395922078.0
2026-09-28 01:00:00+00:00,2026-09-28 01:59:59.999000+00:00,2.861e-05,2.879e-05,2.81e-05,2.829e-05,4952798022.0
2026-09-28 02:00:00+00:00,2026-09-28 02:59:59.999000+00:00,2.826e-05,2.851e-05,2.794e-05,2.796e-05,4732779442.0
2026-09-28 03:00:00+00:00,2026-09-28 03:59:59.999000+00:00,2.797e-05,2.81e-05,2.757e-05,2.775e-05,4511948408.0
2026-09-28 04:00:00+00:00,2026-09-28 04:59:59.999000+00:00,2.775e-05,2.801e-05,2.753e-05,2.789e-05,4845346131.0
2026-09-28 05:00:00+00:00,2026-09-28 05:59:59.999000+00:00,2.791e-05,2.797e-05,2.727e-05,2.753e-05,5520698669.0
2026-09-28 06:00:00+00:00,2026-09-28 06:59:59.999000+00:00,2.753e-05,2.771e-05,2.731e-05,2.743e-05,3416168899.0
2026-09-28 07:00:00+00:00,2026-09-28 07:59:59.999000+00:00,2.743e-05,2.759e-05,2.709e-05,2.71e-05,3660417362.0
2026-09-28 08:00:00+00:00,2026-09-28 08:59:59.999000+00:00,2.71e-05,2.737e-05,2.707e-05,2.719e-05,3153575153.0
2026-09-28 09:00:00+00:00,2026-09-28 09:59:59.999000+00:00,2.72e-05,2.734e-05,2.68e-05,2.691e-05,11395892664.0
2026-09-28 10:00:00+00:00,2026-09-28 10:59:59.999000+00:00,2.693e-05,2.733e-05,2.693e-05,2.727e-05,3105271539.0
2026-09-28 11:00:00+00:00,2026-09-28 11:59:59.999000+00:00,2.727e-05,2.738e-05,2.723e-05,2.738e-05,2659434654.0
2026-09-28 12:00:00+00:00,2026-09-28 12:59:59.999000+00:00,2.737e-05,2.786e-05,2.728e-05,2.775e-05,5482242205.0
2026-09-28 13:00:00+00:00,2026-09-28 13:59:59.999000+00:00,2.774e-05,2.776e-05,2.747e-05,2.754e-05,2668415283.0
2026-09-28 14:00:00+00:00,2026-09-28 14:59:59.999000+00:00,2.753e-05,2.759e-05,2.675e-05,2.694e-05,7250796057.0
2026-09-28 15:00:00+00:00,2026-09-28 15:59:59.999000+00:00,2.697e-05,2.714e-05,2.673e-05,2.714e-05,3715262624.0
2026-09-28 16:00:00+00:00,2026-09-28 16:59:59.999000+00:00,2.714e-05,2.764e-05,2.71e-05,2.725e-05,5334260769.0
2026-09-28 17:00:00+00:00,2026-09-28 17:59:59.999000+00:00,2.725e-05,2.762e-05,2.712e-05,2.749e-05,3378998428.0
2026-09-28 18:00:00+00:00,2026-09-28 18:59:59.999000+00:00,2.747e-05,2.763e-05,2.731e-05,2.744e-05,2270169529.0
2026-09-28 19:00:00+00:00,2026-09-28 19:59:59.999000+00:00,2.745e-05,2.747e-05,2.693e-05,2.701e-05,3898695179.0
2026-09-28 20:00:00+00:00,2026-09-28 20:59:59.999000+00:00,2.702e-05,2.734e-05,2.694e-05,2.715e-05,2531869142.0
2026-09-28 21:00:00+00:00,2026-09-28 21:59:59.999000+00:00,2.715e-05,2.725e-05,2.678e-05,2.682e-05,2297631839.0
2026-09-28 22:00:00+00:00,2026-09-28 22:59:59.999000+00:00,2.682e-05,2.684e-05,2.664e-05,2.684e-05,4043413911.0
2026-09-28 23:00:00+00:00,2026-09-28 23:59:59.999000+00:00,2.684e-05,2.699e-05,2.682e-05,2.699e-05,2448999068.0
2026-09-29 00:00:00+00:00,2026-09-29 00:59:59.999000+00:00,2.699e-05,2.701e-05,2.667e-05,2.669e-05,2583490205.0
2026-09-29 01:00:00+00:00,2026-09-29 01:59:59.999000+00:00,2.668e-05,2.676e-05,2.608e-05,2.632e-05,9715055679.0
2026-09-29 02:00:00+00:00,2026-09-29 02:59:59.999000+00:00,2.634e-05,2.641e-05,2.605e-05,2.632e-05,2584542651.0
2026-09-29 03:00:00+00:00,2026-09-29 03:59:59.999000+00:00,2.632e-05,2.661e-05,2.63e-05,2.655e-05,2187622325.0
2026-09-29 04:00:00+00:00,2026-09-29 04:59:59.999000+00:00,2.656e-05,2.671e-05,2.645e-05,2.661e-05,2752630041.0
2026-09-29 05:00:00+00:00,2026-09-29 05:59:59.999000+00:00,2.661e-05,2.675e-05,2.64e-05,2.67e-05,1522427481.0
2026-09-29 06:00:00+00:00,2026-09-29 06:59:59.999000+00:00,2.672e-05,2.719e-05,2.67e-05,2.719e-05,2970866516.0
2026-09-29 07:00:00+00:00,2026-09-29 07:59:59.999000+00:00,2.719e-05,2.737e-05,2.716e-05,2.73e-05,4630948240.0
2026-09-29 08:00:00+00:00,2026-09-29 08:59:59.999000+00:00,2.73e-05,2.743e-05,2.722e-05,2.734e-05,3986813621.0
2026-09-29 09:00:00+00:00,2026-09-29 09:59:59.999000+00:00,2.732e-05,2.757e-05,2.723e-05,2.756e-05,2979415476.0
2026-09-29 10:00:00+00:00,2026-09-29 10:59:59.999000+00:00,2.756e-05,2.76e-05,2.731e-05,2.74e-05,3506599647.0
2026-09-29 11:00:00+00:00,2026-09-29 11:59:59.999000+00:00,2.74e-05,2.777e-05,2.735e-05,2.768e-05,3238259071.0
2026-09-29 12:00:00+00:00,2026-09-29 12:59:59.999000+00:00,2.768e-05,2.777e-05,2.759e-05,2.766e-05,2900388496.0
2026-09-29 13:00:00+00:00,2026-09-29 13:59:59.999000+00:00,2.766e-05,2.794e-05,2.76e-05,2.784e-05,4922408001.0
2026-09-29 14:00:00+00:00,2026-09-29 14:59:59.999000+00:00,2.782e-05,2.794e-05,2.762e-05,2.779e-05,4513244659.0
2026-09-29 15:00:00+00:00,2026-09-29 15:59:59.999000+00:00,2.778e-05,2.779e-05,2.708e-05,2.715e-05,4964577799.0
2026-09-29 16:00:00+00:00,2026-09-29 16:59:59.999000+00:00,2.716e-05,2.729e-05,2.696e-05,2.709e-05,2918942887.0
2026-09-29 17:00:00+00:00,2026-09-29 17:59:59.999000+00:00,2.71e-05,2.716e-05,2.681e-05,2.71e-05,4616162699.0
2026-09-29 18:00:00+00:00,2026-09-29 18:59:59.999000+00:00,2.71e-05,2.745e-05,2.706e-05,2.742e-05,2740740699.0
2026-09-29 19:00:00+00:00,2026-09-29 19:59:59.999000+00:00,2.741e-05,2.75e-05,2.729e-05,2.733e-05,2738723911.0
2026-09-29 20:00:00+00:00,2026-09-29 20:59:59.999000+00:00,2.73e-05,2.765e-05,2.727e-05,2.76e-05,4769349677.0
2026-09-29 21:00:00+00:00,2026-09-29 21:59:59.999000+00:00,2.758e-05,2.77e-05,2.749e-05,2.756e-05,3784521003.0
2026-09-29 22:00:00+00:00,2026-09-29 22:59:59.999000+00:00,2.76e-05,2.77e-05,2.734e-05,2.739e-05,2375079275.0
2026-09-29 23:00:00+00:00,2026-09-29 23:59:59.999000+00:00,2.74e-05,2.761e-05,2.726e-05,2.74e-05,1871242892.0
2026-09-30 00:00:00+00:00,2026-09-30 00:59:59.999000+00:00,2.741e-05,2.754e-05,2.73e-05,2.753e-05,1190941950.0
2026-09-30 01:00:00+00:00,2026-09-30 01:59:59.999000+00:00,2.754e-05,2.786e-05,2.752e-05,2.782e-05,1752596480.0
2026-09-30 02:00:00+00:00,2026-09-30 02:59:59.999000+00:00,2.782e-05,2.801e-05,2.762e-05,2.766e-05,3484497919.0
2026-09-30 03:00:00+00:00,2026-09-30 03:59:59.999000+00:00,2.768e-05,2.773e-05,2.745e-05,2.759e-05,2519515269.0
2026-09-30 04:00:00+00:00,2026-09-30 04:59:59.999000+00:00,2.76e-05,2.791e-05,2.758e-05,2.759e-05,2024278076.0
2026-09-30 05:00:00+00:00,2026-09-30 05:59:59.999000+00:00,2.76e-05,2.784e-05,2.751e-05,2.781e-05,1958964856.0
2026-09-30 06:00:00+00:00,2026-09-30 06:59:59.999000+00:00,2.782e-05,2.792e-05,2.72e-05,2.727e-05,6121373221.0
2026-09-30 07:00:00+00:00,2026-09-30 07:59:59.999000+00:00,2.728e-05,2.766e-05,2.719e-05,2.754e-05,3191300679.0
2026-09-30 08:00:00+00:00,2026-09-30 08:59:59.999000+00:00,2.756e-05,2.767e-05,2.74e-05,2.759e-05,2160327699.0
2026-09-30 09:00:00+00:00,2026-09-30 09:59:59.999000+00:00,2.759e-05,2.803e-05,2.756e-05,2.778e-05,4060226845.0
2026-09-30 10:00:00+00:00,2026-09-30 10:59:59.999000+00:00,2.777e-05,2.839e-05,2.769e-05,2.836e-05,6460896668.0
2026-09-30 11:00:00+00:00,2026-09-30 11:59:59.999000+00:00,2.833e-05,2.838e-05,2.799e-05,2.833e-05,5362796950.0
2026-09-30 12:00:00+00:00,2026-09-30 12:59:59.999000+00:00,2.832e-05,2.866e-05,2.788e-05,2.854e-05,8743749591.0
2026-09-30 13:00:00+00:00,2026-09-30 13:59:59.999000+00:00,2.854e-05,2.884e-05,2.808e-05,2.833e-05,11833298153.0
2026-09-30 14:00:00+00:00,2026-09-30 14:59:59.999000+00:00,2.834e-05,2.841e-05,2.784e-05,2.807e-05,4711375068.0
2026-09-30 15:00:00+00:00,2026-09-30 15:59:59.999000+00:00,2.807e-05,2.825e-05,2.786e-05,2.82e-05,3867542493.0
2026-09-30 16:00:00+00:00,2026-09-30 16:59:59.999000+00:00,2.821e-05,2.842e-05,2.799e-05,2.81e-05,7477896166.0
2026-09-30 17:00:00+00:00,2026-09-30 17:59:59.999000+00:00,2.811e-05,2.811e-05,2.775e-05,2.782e-05,6732100048.0
2026-09-30 18:00:00+00:00,2026-09-30 18:59:59.999000+00:00,2.782e-05,2.785e-05,2.751e-05,2.76e-05,2495057952.0
2026-09-30 19:00:00+00:00,2026-09-30 19:59:59.999000+00:00,2.761e-05,2.766e-05,2.743e-05,2.753e-05,2946084201.0
2026-09-30 20:00:00+00:00,2026-09-30 20:59:59.999000+00:00,2.754e-05,2.78e-05,2.752e-05,2.762e-05,1187300617.0
2026-09-30 21:00:00+00:00,2026-09-30 21:59:59.999000+00:00,2.764e-05,2.766e-05,2.748e-05,2.752e-05,1258347408.0
2026-09-30 22:00:00+00:00,2026-09-30 22:59:59.999000+00:00,2.749e-05,2.785e-05,2.735e-05,2.78e-05,1300527074.0
2026-09-30 23:00:00+00:00,2026-09-30 23:59:59.999000+00:00,2.779e-05,2.788e-05,2.766e-05,2.769e-05,1103836958.0
2026-10-01 00:00:00+00:00,2026-10-01 00:59:59.999000+00:00,2.772e-05,2.782e-05,2.763e-05,2.772e-05,1376035923.0
2026-10-01 01:00:00+00:00,2026-10-01 01:59:59.999000+00:00,2.771e-05,2.798e-05,2.765e-05,2.769e-05,2572626755.0
2026-10-01 02:00:00+00:00,2026-10-01 02:59:59.999000+00:00,2.766e-05,2.796e-05,2.763e-05,2.792e-05,1442097651.0
2026-10-01 03:00:00+00:00,2026-10-01 03:59:59.999000+00:00,2.79e-05,2.808e-05,2.786e-05,2.806e-05,1803953168.0
2026-10-01 04:00:00+00:00,2026-10-01 04:59:59.999000+00:00,2.808e-05,2.808e-05,2.785e-05,2.787e-05,1984572060.0
2026-10-01 05:00:00+00:00,2026-10-01 05:59:59.999000+00:00,2.787e-05,2.801e-05,2.786e-05,2.795e-05,1213147923.0
2026-10-01 06:00:00+00:00,2026-10-01 06:59:59.999000+00:00,2.797e-05,2.804e-05,2.785e-05,2.797e-05,1666638000.0
2026-10-01 07:00:00+00:00,2026-10-01 07:59:59.999000+00:00,2.796e-05,2.804e-05,2.74e-05,2.742e-05,3462818428.0
2026-10-01 08:00:00+00:00,2026-10-01 08:59:59.999000+00:00,2.746e-05,2.766e-05,2.739e-05,2.762e-05,2115482199.0
2026-10-01 09:00:00+00:00,2026-10-01 09:59:59.999000+00:00,2.763e-05,2.789e-05,2.753e-05,2.756e-05,5383659850.0
2026-10-01 10:00:00+00:00,2026-10-01 10:59:59.999000+00:00,2.758e-05,2.769e-05,2.727e-05,2.763e-05,4393333944.0
2026-10-01 11:00:00+00:00,2026-10-01 11:59:59.999000+00:00,2.763e-05,2.771e-05,2.742e-05,2.766e-05,2010830951.0
2026-10-01 12:00:00+00:00,2026-10-01 12:59:59.999000+00:00,2.765e-05,2.774e-05,2.746e-05,2.756e-05,1696663875.0
